Survived,Pclass,Sex,Age,SibSp,Parch,Fare,HasCabin,Fare_winsorized,Fare_log,FamilySize,IsAlone,Emb_C,Emb_Q,Emb_S,Title_Master,Title_Miss,Title_Mr,Title_Mrs,Title_Rare,Deck_A,Deck_B,Deck_C,Deck_D,Deck_E,Deck_F,Deck_G,Deck_T,Deck_Unknown,AgeGrp_Child,AgeGrp_Teen,AgeGrp_Adult,AgeGrp_Middle-Age,AgeGrp_Senior,Age_scaled,Fare_winsorized_scaled,Fare_log_scaled,FamilySize_scaled
0,3,0,22.0,1,0,7.25,0,7.25,2.1102132003465894,2,0,False,False,True,False,False,True,False,False,False,False,False,False,False,False,False,False,True,False,False,True,False,False,-0.5292047224968899,-0.5641087873940193,-0.8797405693934278,0.059159876663617626
1,1,1,38.0,1,0,71.2833,1,71.2833,4.2805931204649,2,0,True,False,False,False,False,False,True,False,False,False,True,False,False,False,False,False,False,False,False,False,True,False,0.6574473880901118,0.9425480546638041,1.3612199269233833,0.059159876663617626
1,3,1,26.0,0,0,7.925,0,7.925,2.188856327665703,1,1,False,False,True,False,True,False,False,False,False,False,False,False,False,False,False,False,True,False,False,True,False,False,-0.23254169485013945,-0.548226529750121,-0.798539974052802,-0.5609748304808925
1,1,1,35.0,1,0,53.1,1,53.1,3.9908341858524357,2,0,False,False,True,False,False,False,True,False,False,False,True,False,False,False,False,False,False,False,False,True,False,False,0.43495011735504896,0.5147082688618853,1.0620380556287106,0.059159876663617626
0,3,0,35.0,0,0,8.05,0,8.05,2.2027647577118348,1,1,False,False,True,False,False,True,False,False,False,False,False,False,False,False,False,False,True,False,False,True,False,False,0.43495011735504896,-0.5452853709271769,-0.7841792430073967,-0.5609748304808925
0,3,0,26.0,0,0,8.4583,0,8.4583,2.246892662898172,1,1,False,True,False,False,False,True,False,False,False,False,False,False,False,False,False,False,True,False,False,True,False,False,-0.23254169485013945,-0.5356783697479123,-0.7386163019798164,-0.5609748304808925
0,1,0,54.0,0,0,51.8625,1,51.8625,3.967694202798607,1,1,False,False,True,False,False,True,False,False,False,False,False,False,True,False,False,False,False,False,False,False,True,False,1.8440994986771135,0.4855907965147383,1.038145562232327,-0.5609748304808925
0,3,0,2.0,3,1,21.075,0,21.075,3.0944457464900235,5,0,False,False,True,True,False,False,False,False,False,False,False,False,False,False,False,False,True,True,False,False,False,False,-2.012519860730642,-0.23881662157639924,0.1364991380659541,1.9195639980971482
1,3,1,27.0,0,2,11.1333,0,11.1333,2.495953738718064,3,0,False,False,True,False,False,False,True,False,False,False,False,False,False,False,False,False,True,False,False,True,False,False,-0.15837593793845184,-0.47273757093690794,-0.48145578049281335,0.6792945838081278
1,2,1,14.0,1,0,30.0708,0,30.0708,3.436268471383741,2,0,True,False,False,False,False,False,True,False,False,False,False,False,False,False,False,False,True,False,True,False,False,False,-1.1225307777903908,-0.027152009260873307,0.4894379098126231,0.059159876663617626
1,3,1,4.0,1,1,16.7,1,16.7,2.8735646395797834,3,0,False,False,True,False,True,False,False,False,False,False,False,False,False,False,True,False,False,True,False,False,False,False,-1.8641883469072666,-0.3417571803794436,-0.09156500424402261,0.6792945838081278
1,1,1,58.0,0,0,26.55,1,26.55,3.3160025355989236,1,1,False,False,True,False,True,False,False,False,False,False,True,False,False,False,False,False,False,False,False,False,True,False,2.1407625263238637,-0.10999386513144661,0.36526093570402607,-0.5609748304808925
0,3,0,20.0,0,0,8.05,0,8.05,2.2027647577118348,1,1,False,False,True,False,False,True,False,False,False,False,False,False,False,False,False,False,True,False,False,True,False,False,-0.677536236320265,-0.5452853709271769,-0.7841792430073967,-0.5609748304808925
0,3,0,39.0,1,5,31.275,0,31.275,3.4742929367327062,7,0,False,False,True,False,False,True,False,False,False,False,False,False,False,False,False,False,True,False,False,False,True,False,0.7316131450017994,0.0011819383758412065,0.5286989276421437,3.1598334123861687
0,3,1,14.0,0,0,7.8542,0,7.8542,2.180891922715322,1,1,False,False,True,False,True,False,False,False,False,False,False,False,False,False,False,False,True,False,True,False,False,False,-1.1225307777903908,-0.5498924021074366,-0.806763380796033,-0.5609748304808925
1,2,1,55.0,0,0,16.0,0,16.0,2.833213344056216,1,1,False,False,True,False,False,False,True,False,False,False,False,False,False,False,False,False,True,False,False,False,True,False,1.9182652555888011,-0.35822766978793064,-0.13322852057373055,-0.5609748304808925
0,3,0,2.0,4,1,29.125,0,29.125,3.405355391810819,6,0,False,True,False,True,False,False,False,False,False,False,False,False,False,False,False,False,True,True,False,False,False,False,-2.012519860730642,-0.04940599337879768,0.457519539438721,2.5396987052416584
1,2,0,31.0,0,0,13.0,0,13.0,2.6390573296152584,1,1,False,False,True,False,False,True,False,False,False,False,False,False,False,False,False,False,True,False,False,True,False,False,0.13828708970829856,-0.4288154815385896,-0.3336984726090336,-0.5609748304808925
0,3,1,31.0,1,0,18.0,0,18.0,2.9444389791664403,2,0,False,False,True,False,False,False,True,False,False,False,False,False,False,False,False,False,True,False,False,True,False,False,0.13828708970829856,-0.3111691286208247,-0.01838583697289204,0.059159876663617626
1,3,1,31.0,0,0,7.225,0,7.225,2.1071782966514356,1,1,True,False,False,False,False,False,True,False,False,False,False,False,False,False,False,False,True,False,False,True,False,False,0.13828708970829856,-0.5646970191586081,-0.8828741679067217,-0.5609748304808925
0,2,0,35.0,0,0,26.0,0,26.0,3.295836866004329,1,1,False,False,True,False,False,True,False,False,False,False,False,False,False,False,False,False,True,False,False,True,False,False,0.43495011735504896,-0.12293496395240078,0.3444394801955362,-0.5609748304808925
1,2,0,34.0,0,0,13.0,1,13.0,2.6390573296152584,1,1,False,False,True,False,False,True,False,False,False,False,False,True,False,False,False,False,False,False,False,True,False,False,0.3607843604433614,-0.4288154815385896,-0.3336984726090336,-0.5609748304808925
1,3,1,15.0,0,0,8.0292,0,8.0292,2.2004637699272855,1,1,False,True,False,False,True,False,False,False,False,False,False,False,False,False,False,False,True,False,True,False,False,False,-1.048365020878703,-0.5457747797553149,-0.7865550587251358,-0.5609748304808925
1,1,0,28.0,0,0,35.5,1,35.5,3.597312260588446,1,1,False,False,True,False,False,True,False,False,True,False,False,False,False,False,False,False,False,False,False,True,False,False,-0.08421018102676424,0.10059310659135261,0.6557188297748954,-0.5609748304808925
0,3,1,8.0,3,1,21.075,0,21.075,3.0944457464900235,5,0,False,False,True,False,True,False,False,False,False,False,False,False,False,False,False,False,True,True,False,False,False,False,-1.5675253192605163,-0.23881662157639924,0.1364991380659541,1.9195639980971482
1,3,1,38.0,1,5,31.3875,0,31.3875,3.4777725458882283,7,0,False,False,True,False,False,False,True,False,False,False,False,False,False,False,False,False,True,False,False,False,True,False,0.6574473880901118,0.003828981316490934,0.5322916934007406,3.1598334123861687
0,3,0,26.0,0,0,7.225,0,7.225,2.1071782966514356,1,1,True,False,False,False,False,True,False,False,False,False,False,False,False,False,False,False,True,False,False,True,False,False,-0.23254169485013945,-0.5646970191586081,-0.8828741679067217,-0.5609748304808925
0,1,0,19.0,3,2,263.0,1,249.00622000000035,5.575949103146316,6,0,False,False,True,False,False,True,False,False,False,False,True,False,False,False,False,False,False,False,False,True,False,False,-0.7517019932319526,5.124238728242953,2.6987007794454887,2.5396987052416584
1,3,1,18.0,0,0,7.8792,0,7.8792,2.1837114628556327,1,1,False,True,False,False,True,False,False,False,False,False,False,False,False,False,False,False,True,False,True,False,False,False,-0.8258677501436402,-0.5493041703428477,-0.8038521494426432,-0.5609748304808925
0,3,0,26.0,0,0,7.8958,0,7.8958,2.1855792552411137,1,1,False,False,True,False,False,True,False,False,False,False,False,False,False,False,False,False,True,False,False,True,False,False,-0.23254169485013945,-0.5489135844511608,-0.8019236166026618,-0.5609748304808925
0,1,0,40.0,0,0,27.7208,0,27.7208,3.357621598945279,1,1,True,False,False,False,False,False,False,True,False,False,False,False,False,False,False,False,True,False,False,False,True,False,0.805778901913487,-0.08244579513222278,0.4082334475616762,-0.5609748304808925
1,1,1,40.0,1,0,146.5208,1,146.5208,4.993969182787072,2,0,True,False,False,False,False,False,True,False,False,True,False,False,False,False,False,False,False,False,False,False,True,False,0.805778901913487,2.7128315501938722,2.097794920021772,0.059159876663617626
1,3,1,18.0,0,0,7.75,0,7.75,2.169053700369523,1,1,False,True,False,False,True,False,False,False,False,False,False,False,False,False,False,False,True,False,True,False,False,False,-0.8258677501436402,-0.5523441521022427,-0.8189865811572414,-0.5609748304808925
0,2,0,66.0,0,0,10.5,0,10.5,2.4423470353692043,1,1,False,False,True,False,False,True,False,False,False,False,False,False,False,False,False,False,True,False,False,False,False,True,2.7340885816173643,-0.4876386579974721,-0.5368057694182641,-0.5609748304808925
0,1,0,28.0,1,0,82.1708,0,82.1708,4.420896324687287,2,0,True,False,False,False,False,True,False,False,False,False,False,False,False,False,False,False,True,False,False,True,False,False,-0.08421018102676424,1.1987229881422372,1.5060857797883969,0.059159876663617626
0,1,0,42.0,1,0,52.0,0,52.0,3.970291913552122,2,0,False,False,True,False,False,True,False,False,False,False,False,False,False,False,False,False,True,False,False,False,True,False,0.9541104157368622,0.4888260712199769,1.0408277503255374,0.059159876663617626
1,3,0,26.0,0,0,7.2292,0,7.2292,2.1076888046179385,1,1,True,False,False,False,False,True,False,False,False,False,False,False,False,False,False,False,True,False,False,True,False,False,-0.23254169485013945,-0.5645981962221572,-0.8823470582632056,-0.5609748304808925
0,3,0,21.0,0,0,8.05,0,8.05,2.2027647577118348,1,1,False,False,True,False,False,True,False,False,False,False,False,False,False,False,False,False,True,False,False,True,False,False,-0.6033704794085775,-0.5452853709271769,-0.7841792430073967,-0.5609748304808925
0,3,1,18.0,2,0,18.0,0,18.0,2.9444389791664403,3,0,False,False,True,False,True,False,False,False,False,False,False,False,False,False,False,False,True,False,True,False,False,False,-0.8258677501436402,-0.3111691286208247,-0.01838583697289204,0.6792945838081278
1,3,1,14.0,1,0,11.2417,0,11.2417,2.5048481563289,2,0,True,False,False,False,True,False,False,False,False,False,False,False,False,False,False,False,True,False,True,False,False,False,-1.1225307777903908,-0.4701869980056509,-0.47227211715402734,0.059159876663617626
0,3,1,40.0,1,0,9.475,0,9.475,2.348991465808201,2,0,False,False,True,False,False,False,True,False,False,False,False,False,False,False,False,False,True,False,False,False,True,False,0.805778901913487,-0.511756160345614,-0.6331972544104215,0.059159876663617626
0,2,1,27.0,1,0,21.0,0,21.0,3.091042453358316,2,0,False,False,True,False,False,False,True,False,False,False,False,False,False,False,False,False,True,False,False,True,False,False,-0.15837593793845184,-0.2405813168701657,0.1329851701219792,0.059159876663617626
0,3,0,26.0,0,0,7.8958,0,7.8958,2.1855792552411137,1,1,True,False,False,False,False,True,False,False,False,False,False,False,False,False,False,False,True,False,False,True,False,False,-0.23254169485013945,-0.5489135844511608,-0.8019236166026618,-0.5609748304808925
1,2,1,3.0,1,2,41.5792,0,41.5792,3.7513658711253766,4,0,True,False,False,False,True,False,False,False,False,False,False,False,False,False,False,False,True,True,False,False,False,False,-1.9383541038189542,0.24363224832288793,0.8147822510349934,1.299429290952638
1,3,1,19.0,0,0,7.8792,0,7.8792,2.1837114628556327,1,1,False,True,False,False,True,False,False,False,False,False,False,False,False,False,False,False,True,False,False,True,False,False,-0.7517019932319526,-0.5493041703428477,-0.8038521494426432,-0.5609748304808925
0,3,0,26.0,0,0,8.05,0,8.05,2.2027647577118348,1,1,False,False,True,False,False,True,False,False,False,False,False,False,False,False,False,False,True,False,False,True,False,False,-0.23254169485013945,-0.5452853709271769,-0.7841792430073967,-0.5609748304808925
0,3,0,26.0,1,0,15.5,0,15.5,2.803360380906535,2,0,False,True,False,False,False,True,False,False,False,False,False,False,False,False,False,False,True,False,False,True,False,False,-0.23254169485013945,-0.36999230507970715,-0.16405229962564447,0.059159876663617626
1,3,1,18.0,0,0,7.75,0,7.75,2.169053700369523,1,1,False,True,False,False,True,False,False,False,False,False,False,False,False,False,False,False,True,False,True,False,False,False,-0.8258677501436402,-0.5523441521022427,-0.8189865811572414,-0.5609748304808925
0,3,0,26.0,2,0,21.6792,0,21.6792,3.1214482048688246,3,0,True,False,False,False,False,True,False,False,False,False,False,False,False,False,False,False,True,False,False,True,False,False,-0.23254169485013945,-0.22460023628981649,0.16437971416667366,0.6792945838081278
0,3,1,18.0,1,0,17.8,0,17.8,2.9338568698359038,2,0,False,False,True,False,False,False,True,False,False,False,False,False,False,False,False,False,True,False,True,False,False,False,-0.8258677501436402,-0.3158749827375353,-0.029312075627065143,0.059159876663617626
0,3,0,7.0,4,1,39.6875,0,39.6875,3.705920919968788,6,0,False,False,True,True,False,False,False,False,False,False,False,False,False,False,False,False,True,True,False,False,False,False,-1.641691076172204,0.19912192715998075,0.7678594338107121,2.5396987052416584
0,3,0,21.0,0,0,7.8,0,7.8,2.174751721484161,1,1,False,False,True,False,False,True,False,False,False,False,False,False,False,False,False,False,True,False,False,True,False,False,-0.6033704794085775,-0.5511676885730651,-0.8131032608653792,-0.5609748304808925
1,1,1,49.0,1,0,76.7292,1,76.7292,4.353230991152628,2,0,True,False,False,False,False,False,True,False,False,False,False,True,False,False,False,False,False,False,False,False,True,False,1.4732707141186754,1.0706861093347755,1.4362199751817062,0.059159876663617626
1,2,1,29.0,1,0,26.0,0,26.0,3.295836866004329,2,0,False,False,True,False,False,False,True,False,False,False,False,False,False,False,False,False,True,False,False,True,False,False,-0.010044424115076634,-0.12293496395240078,0.3444394801955362,0.059159876663617626
0,1,0,65.0,0,1,61.9792,1,61.9792,4.142804513146981,2,0,True,False,False,False,False,True,False,False,False,True,False,False,False,False,False,False,False,False,False,False,False,True,2.659922824705677,0.7236293682273689,1.2189504454470093,0.059159876663617626
1,1,0,40.0,0,0,35.5,1,35.5,3.597312260588446,1,1,False,False,True,False,False,True,False,False,False,False,True,False,False,False,False,False,False,False,False,False,True,False,0.805778901913487,0.10059310659135261,0.6557188297748954,-0.5609748304808925
1,2,1,21.0,0,0,10.5,0,10.5,2.4423470353692043,1,1,False,False,True,False,True,False,False,False,False,False,False,False,False,False,False,False,True,False,False,True,False,False,-0.6033704794085775,-0.4876386579974721,-0.5368057694182641,-0.5609748304808925
0,3,0,28.5,0,0,7.2292,0,7.2292,2.1076888046179385,1,1,True,False,False,False,False,True,False,False,False,False,False,False,False,False,False,False,True,False,False,True,False,False,-0.04712730257092044,-0.5645981962221572,-0.8823470582632056,-0.5609748304808925
1,2,1,5.0,1,2,27.75,0,27.75,3.3586377672433594,4,0,False,False,True,False,True,False,False,False,False,False,False,False,False,False,False,False,True,True,False,False,False,False,-1.790022589995579,-0.08175874043118304,0.40928266156909443,1.299429290952638
0,3,0,11.0,5,2,46.9,0,46.9,3.8691155044168695,8,0,False,False,True,True,False,False,False,False,False,False,False,False,False,False,False,False,True,True,False,False,False,False,-1.3450280485254535,0.36882679124385664,0.936361092700485,3.779968119530679
0,3,0,22.0,0,0,7.2292,0,7.2292,2.1076888046179385,1,1,True,False,False,False,False,True,False,False,False,False,False,False,False,False,False,False,True,False,False,True,False,False,-0.5292047224968899,-0.5645981962221572,-0.8823470582632056,-0.5609748304808925
1,1,1,38.0,0,0,80.0,1,80.0,4.394449154672439,1,1,False,False,True,False,True,False,False,False,False,True,False,False,False,False,False,False,False,False,False,False,True,False,0.6574473880901118,1.1476456475594605,1.4787785499834798,-0.5609748304808925
0,1,0,45.0,1,0,83.475,1,83.475,4.436455632600354,2,0,False,False,True,False,False,True,False,False,False,False,True,False,False,False,False,False,False,False,False,False,True,False,1.176607686471925,1.229409862837307,1.5221510751129648,0.059159876663617626
0,3,0,4.0,3,2,27.9,0,27.9,3.3638415951183864,6,0,False,False,True,True,False,False,False,False,False,False,False,False,False,False,False,False,True,True,False,False,False,False,-1.8641883469072666,-0.07822934984365013,0.4146557174979072,2.5396987052416584
0,1,0,40.0,0,0,27.7208,0,27.7208,3.357621598945279,1,1,True,False,False,False,False,True,False,False,False,False,False,False,False,False,False,False,True,False,False,False,True,False,0.805778901913487,-0.08244579513222278,0.4082334475616762,-0.5609748304808925
1,3,0,4.0,1,1,15.2458,0,15.2458,2.7878344138303452,3,0,True,False,False,True,False,False,False,False,False,False,False,False,False,False,False,False,True,True,False,False,False,False,-1.8641883469072666,-0.3759734456620463,-0.1800831698720664,0.6792945838081278
1,2,1,29.0,0,0,10.5,1,10.5,2.4423470353692043,1,1,False,False,True,False,False,False,True,False,False,False,False,False,False,True,False,False,False,False,False,True,False,False,-0.010044424115076634,-0.4876386579974721,-0.5368057694182641,-0.5609748304808925
0,3,0,19.0,0,0,8.1583,0,8.1583,2.2146605719425225,1,1,False,False,True,False,False,True,False,False,False,False,False,False,False,False,False,False,True,False,False,True,False,False,-0.7517019932319526,-0.5427371509229781,-0.7718965778779472,-0.5609748304808925
1,3,1,17.0,4,2,7.925,0,7.925,2.188856327665703,7,0,False,False,True,False,True,False,False,False,False,False,False,False,False,False,False,False,True,False,True,False,False,False,-0.9000335070553279,-0.548226529750121,-0.798539974052802,3.1598334123861687
0,3,0,26.0,2,0,8.6625,0,8.6625,2.2682524139135403,3,0,False,False,True,False,False,True,False,False,False,False,False,False,False,False,False,False,True,False,False,True,False,False,-0.23254169485013945,-0.5308736926947507,-0.7165619336211217,0.6792945838081278
0,2,0,32.0,0,0,10.5,0,10.5,2.4423470353692043,1,1,False,False,True,False,False,True,False,False,False,False,False,False,False,False,False,False,True,False,False,True,False,False,0.21245284661998617,-0.4876386579974721,-0.5368057694182641,-0.5609748304808925
0,3,1,16.0,5,2,46.9,0,46.9,3.8691155044168695,8,0,False,False,True,False,True,False,False,False,False,False,False,False,False,False,False,False,True,False,True,False,False,False,-0.9741992639670155,0.36882679124385664,0.936361092700485,3.779968119530679
0,2,0,21.0,0,0,73.5,0,73.5,4.310799125385514,1,1,False,False,True,False,False,True,False,False,False,False,False,False,False,False,False,False,True,False,False,True,False,False,-0.6033704794085775,0.994705388766366,1.3924082286355355,-0.5609748304808925
0,3,0,26.0,1,0,14.4542,0,14.4542,2.737880811060884,2,0,True,False,False,False,False,True,False,False,False,False,False,False,False,False,False,False,True,False,False,True,False,False,-0.23254169485013945,-0.3945992162559869,-0.23166125968823223,0.059159876663617626
1,3,0,32.0,0,0,56.4958,0,56.4958,4.05171190165724,1,1,False,False,True,False,False,True,False,False,False,False,False,False,False,False,False,False,True,False,False,True,False,False,0.21245284661998617,0.5946089659095145,1.1248955097361604,-0.5609748304808925
0,3,0,25.0,0,0,7.65,1,7.65,2.157559320943788,1,1,False,False,True,False,False,True,False,False,False,False,False,False,False,True,False,False,False,False,False,True,False,False,-0.30670745176182707,-0.5546970791605981,-0.830854756854953,-0.5609748304808925
0,3,0,26.0,0,0,7.8958,0,7.8958,2.1855792552411137,1,1,False,False,True,False,False,True,False,False,False,False,False,False,False,False,False,False,True,False,False,True,False,False,-0.23254169485013945,-0.5489135844511608,-0.8019236166026618,-0.5609748304808925
0,3,0,26.0,0,0,8.05,0,8.05,2.2027647577118348,1,1,False,False,True,False,False,True,False,False,False,False,False,False,False,False,False,False,True,False,False,True,False,False,-0.23254169485013945,-0.5452853709271769,-0.7841792430073967,-0.5609748304808925
1,2,0,0.83,0,2,29.0,0,29.0,3.4011973816621555,3,0,False,False,True,True,False,False,False,False,False,False,False,False,False,False,False,False,True,True,False,False,False,False,-2.0992937963173164,-0.052347152201741805,0.4532263111425748,0.6792945838081278
1,3,1,30.0,0,0,12.475,0,12.475,2.600836116795061,1,1,False,False,True,False,True,False,False,False,False,False,False,False,False,False,False,False,True,False,False,True,False,False,0.06412133279661097,-0.44116834859495496,-0.37316263612134226,-0.5609748304808925
0,3,0,22.0,0,0,9.0,0,9.0,2.302585092994046,1,1,False,False,True,False,False,True,False,False,False,False,False,False,False,False,False,False,True,False,False,True,False,False,-0.5292047224968899,-0.5229325638728015,-0.6811127586453682,-0.5609748304808925
1,3,0,29.0,0,0,9.5,0,9.5,2.3513752571634776,1,1,False,False,True,False,False,True,False,False,False,False,False,False,False,False,False,False,True,False,False,True,False,False,-0.010044424115076634,-0.5111679285810251,-0.6307359423566569,-0.5609748304808925
1,3,1,18.0,0,0,7.7875,0,7.7875,2.1733302571367834,1,1,False,True,False,False,True,False,False,False,False,False,False,False,False,False,False,False,True,False,True,False,False,False,-0.8258677501436402,-0.5514618044553596,-0.8145709511162281,-0.5609748304808925
0,1,0,28.0,0,0,47.1,0,47.1,3.8732821771117156,1,1,False,False,True,False,False,True,False,False,False,False,False,False,False,False,False,False,True,False,False,True,False,False,-0.08421018102676424,0.3735326453605673,0.940663265248102,-0.5609748304808925
1,2,1,17.0,0,0,10.5,0,10.5,2.4423470353692043,1,1,False,False,True,False,True,False,False,False,False,False,False,False,False,False,False,False,True,False,True,False,False,False,-0.9000335070553279,-0.4876386579974721,-0.5368057694182641,-0.5609748304808925
1,3,1,33.0,3,0,15.85,0,15.85,2.8243506567983707,4,0,False,False,True,False,False,False,True,False,False,False,False,False,False,False,False,False,True,False,False,True,False,False,0.2866186035316738,-0.3617570603754636,-0.1423794216910609,1.299429290952638
0,3,0,16.0,1,3,34.375,0,34.375,3.5660053559634015,5,0,False,False,True,False,False,True,False,False,False,False,False,False,False,False,False,False,True,False,True,False,False,False,-0.9741992639670155,0.0741226771848555,0.6233938271906204,1.9195639980971482
0,3,0,26.0,0,0,8.05,0,8.05,2.2027647577118348,1,1,False,False,True,False,False,True,False,False,False,False,False,False,False,False,False,False,True,False,False,True,False,False,-0.23254169485013945,-0.5452853709271769,-0.7841792430073967,-0.5609748304808925
1,1,1,23.0,3,2,263.0,1,249.00622000000035,5.575949103146316,6,0,False,False,True,False,True,False,False,False,False,False,True,False,False,False,False,False,False,False,False,True,False,False,-0.45503896558520224,5.124238728242953,2.6987007794454887,2.5396987052416584
0,3,0,24.0,0,0,8.05,0,8.05,2.2027647577118348,1,1,False,False,True,False,False,True,False,False,False,False,False,False,False,False,False,False,True,False,False,True,False,False,-0.38087320867351465,-0.5452853709271769,-0.7841792430073967,-0.5609748304808925
0,3,0,29.0,0,0,8.05,0,8.05,2.2027647577118348,1,1,False,False,True,False,False,True,False,False,False,False,False,False,False,False,False,False,True,False,False,True,False,False,-0.010044424115076634,-0.5452853709271769,-0.7841792430073967,-0.5609748304808925
0,3,0,20.0,0,0,7.8542,0,7.8542,2.180891922715322,1,1,False,False,True,False,False,True,False,False,False,False,False,False,False,False,False,False,True,False,False,True,False,False,-0.677536236320265,-0.5498924021074366,-0.806763380796033,-0.5609748304808925
0,1,0,46.0,1,0,61.175,1,61.175,4.1299529896894684,2,0,False,False,True,False,False,True,False,False,False,False,False,False,True,False,False,False,False,False,False,False,True,False,1.2507734433836126,0.7047071288240755,1.2056809915054134,0.059159876663617626
0,3,0,26.0,1,2,20.575,0,20.575,3.0715352369694915,4,0,False,False,True,False,False,True,False,False,False,False,False,False,False,False,False,False,True,False,False,True,False,False,-0.23254169485013945,-0.25058125686817573,0.11284358066326507,1.299429290952638
0,3,0,59.0,0,0,7.25,0,7.25,2.1102132003465894,1,1,False,False,True,False,False,True,False,False,False,False,False,False,False,False,False,False,True,False,False,False,True,False,2.2149282832355515,-0.5641087873940193,-0.8797405693934278,-0.5609748304808925
0,3,0,26.0,0,0,8.05,0,8.05,2.2027647577118348,1,1,False,False,True,False,False,True,False,False,False,False,False,False,False,False,False,False,True,False,False,True,False,False,-0.23254169485013945,-0.5452853709271769,-0.7841792430073967,-0.5609748304808925
0,1,0,71.0,0,0,34.6542,1,34.6542,3.57386695198272,1,1,True,False,False,False,False,True,False,False,True,False,False,False,False,False,False,False,False,False,False,False,False,True,3.1049173661758025,0.08069204953178356,0.6315110816648204,-0.5609748304808925
1,1,0,23.0,0,1,63.3583,1,63.3583,4.164465907853638,2,0,True,False,False,False,False,True,False,False,False,False,False,True,False,False,False,False,False,False,False,True,False,False,-0.45503896558520224,0.7560785852891467,1.241316266924983,0.059159876663617626
1,2,1,34.0,0,1,23.0,0,23.0,3.1780538303479458,2,0,False,False,True,False,False,False,True,False,False,False,False,False,False,False,False,False,True,False,False,True,False,False,0.3607843604433614,-0.19352277570305973,0.2228261499229997,0.059159876663617626
0,2,0,34.0,1,0,26.0,0,26.0,3.295836866004329,2,0,False,False,True,False,False,True,False,False,False,False,False,False,False,False,False,False,True,False,False,True,False,False,0.3607843604433614,-0.12293496395240078,0.3444394801955362,0.059159876663617626
0,3,1,28.0,0,0,7.8958,0,7.8958,2.1855792552411137,1,1,False,False,True,False,True,False,False,False,False,False,False,False,False,False,False,False,True,False,False,True,False,False,-0.08421018102676424,-0.5489135844511608,-0.8019236166026618,-0.5609748304808925
0,3,0,26.0,0,0,7.8958,0,7.8958,2.1855792552411137,1,1,False,False,True,False,False,True,False,False,False,False,False,False,False,False,False,False,True,False,False,True,False,False,-0.23254169485013945,-0.5489135844511608,-0.8019236166026618,-0.5609748304808925
0,1,0,21.0,0,1,77.2875,1,77.2875,4.360387947851531,2,0,False,False,True,False,False,True,False,False,False,False,False,True,False,False,False,False,False,False,False,True,False,False,-0.6033704794085775,1.083822501101573,1.443609675522841,0.059159876663617626
0,3,0,33.0,0,0,8.6542,0,8.6542,2.267393053825037,1,1,False,False,True,False,False,True,False,False,False,False,False,False,False,False,False,False,True,False,False,True,False,False,0.2866186035316738,-0.5310689856405942,-0.7174492400289059,-0.5609748304808925
0,3,0,37.0,2,0,7.925,0,7.925,2.188856327665703,3,0,False,False,True,False,False,True,False,False,False,False,False,False,False,False,False,False,True,False,False,False,True,False,0.5832816311784242,-0.548226529750121,-0.798539974052802,0.6792945838081278
0,3,0,28.0,0,0,7.8958,0,7.8958,2.1855792552411137,1,1,False,False,True,False,False,True,False,False,False,False,False,False,False,False,False,False,True,False,False,True,False,False,-0.08421018102676424,-0.5489135844511608,-0.8019236166026618,-0.5609748304808925
1,3,1,21.0,0,0,7.65,0,7.65,2.157559320943788,1,1,False,False,True,False,True,False,False,False,False,False,False,False,False,False,False,False,True,False,False,True,False,False,-0.6033704794085775,-0.5546970791605981,-0.830854756854953,-0.5609748304808925
1,3,0,26.0,0,0,7.775,0,7.775,2.1719067693519296,1,1,False,False,True,False,False,True,False,False,False,False,False,False,False,False,False,False,True,False,False,True,False,False,-0.23254169485013945,-0.551755920337654,-0.8160407306065733,-0.5609748304808925
0,3,0,38.0,0,0,7.8958,0,7.8958,2.1855792552411137,1,1,False,False,True,False,False,True,False,False,False,False,False,False,False,False,False,False,True,False,False,False,True,False,0.6574473880901118,-0.5489135844511608,-0.8019236166026618,-0.5609748304808925
1,3,1,18.0,1,0,24.15,0,24.15,3.224857896545748,2,0,False,True,False,False,True,False,False,False,False,False,False,False,False,False,False,False,True,False,True,False,False,False,-0.8258677501436402,-0.16646411453197382,0.2711522804976662,0.059159876663617626
0,1,0,47.0,0,0,52.0,1,52.0,3.970291913552122,1,1,False,False,True,False,False,True,False,False,False,False,True,False,False,False,False,False,False,False,False,False,True,False,1.3249392002953002,0.4888260712199769,1.0408277503255374,-0.5609748304808925
0,3,1,14.5,1,0,14.4542,0,14.4542,2.737880811060884,2,0,True,False,False,False,True,False,False,False,False,False,False,False,False,False,False,False,True,False,True,False,False,False,-1.0854478993345469,-0.3945992162559869,-0.23166125968823223,0.059159876663617626
0,3,0,22.0,0,0,8.05,0,8.05,2.2027647577118348,1,1,False,False,True,False,False,True,False,False,False,False,False,False,False,False,False,False,True,False,False,True,False,False,-0.5292047224968899,-0.5452853709271769,-0.7841792430073967,-0.5609748304808925
0,3,1,20.0,1,0,9.825,0,9.825,2.3818582738885534,2,0,False,False,True,False,True,False,False,False,False,False,False,False,False,False,False,False,True,False,False,True,False,False,-0.677536236320265,-0.5035209156413704,-0.5992616204389827,0.059159876663617626
0,3,1,17.0,0,0,14.4583,0,14.4583,2.738146075922933,1,1,True,False,False,False,True,False,False,False,False,False,False,False,False,False,False,False,True,False,True,False,False,False,-0.9000335070553279,-0.39450274624659437,-0.23138736843472296,-0.5609748304808925
0,3,0,21.0,0,0,7.925,0,7.925,2.188856327665703,1,1,False,False,True,False,False,True,False,False,False,False,False,False,False,False,False,False,True,False,False,True,False,False,-0.6033704794085775,-0.548226529750121,-0.798539974052802,-0.5609748304808925
0,3,0,70.5,0,0,7.75,0,7.75,2.169053700369523,1,1,False,True,False,False,False,True,False,False,False,False,False,False,False,False,False,False,True,False,False,False,False,True,3.0678344877199586,-0.5523441521022427,-0.8189865811572414,-0.5609748304808925
0,2,0,29.0,1,0,21.0,0,21.0,3.091042453358316,2,0,False,False,True,False,False,True,False,False,False,False,False,False,False,False,False,False,True,False,False,True,False,False,-0.010044424115076634,-0.2405813168701657,0.1329851701219792,0.059159876663617626
0,1,0,24.0,0,1,247.5208,1,247.5208,5.515526544247129,2,0,True,False,False,False,False,True,False,False,False,True,False,False,False,False,False,False,False,False,False,True,False,False,-0.38087320867351465,5.089287879132724,2.6363132839087284,0.059159876663617626
0,3,1,2.0,4,2,31.275,0,31.275,3.4742929367327062,7,0,False,False,True,False,True,False,False,False,False,False,False,False,False,False,False,False,True,True,False,False,False,False,-2.012519860730642,0.0011819383758412065,0.5286989276421437,3.1598334123861687
0,2,0,21.0,2,0,73.5,0,73.5,4.310799125385514,3,0,False,False,True,False,False,True,False,False,False,False,False,False,False,False,False,False,True,False,False,True,False,False,-0.6033704794085775,0.994705388766366,1.3924082286355355,0.6792945838081278
0,3,0,26.0,0,0,8.05,0,8.05,2.2027647577118348,1,1,False,False,True,False,False,True,False,False,False,False,False,False,False,False,False,False,True,False,False,True,False,False,-0.23254169485013945,-0.5452853709271769,-0.7841792430073967,-0.5609748304808925
0,2,0,32.5,1,0,30.0708,0,30.0708,3.436268471383741,2,0,True,False,False,False,False,True,False,False,False,False,False,False,False,False,False,False,True,False,False,True,False,False,0.24953572507582997,-0.027152009260873307,0.4894379098126231,0.059159876663617626
1,2,1,32.5,0,0,13.0,1,13.0,2.6390573296152584,1,1,False,False,True,False,True,False,False,False,False,False,False,False,True,False,False,False,False,False,False,True,False,False,0.24953572507582997,-0.4288154815385896,-0.3336984726090336,-0.5609748304808925
0,1,0,54.0,0,1,77.2875,1,77.2875,4.360387947851531,2,0,False,False,True,False,False,True,False,False,False,False,False,True,False,False,False,False,False,False,False,False,True,False,1.8440994986771135,1.083822501101573,1.443609675522841,0.059159876663617626
1,3,0,12.0,1,0,11.2417,0,11.2417,2.5048481563289,2,0,True,False,False,True,False,False,False,False,False,False,False,False,False,False,False,False,True,True,False,False,False,False,-1.270862291613766,-0.4701869980056509,-0.47227211715402734,0.059159876663617626
0,3,0,26.0,0,0,7.75,0,7.75,2.169053700369523,1,1,False,True,False,False,False,True,False,False,False,False,False,False,False,False,False,False,True,False,False,True,False,False,-0.23254169485013945,-0.5523441521022427,-0.8189865811572414,-0.5609748304808925
1,3,0,24.0,0,0,7.1417,0,7.1417,2.0969990034181696,1,1,False,False,True,False,False,True,False,False,False,False,False,False,False,False,False,False,True,False,False,True,False,False,-0.38087320867351465,-0.5666570073982181,-0.8933844909173265,-0.5609748304808925
1,3,1,18.0,1,1,22.3583,1,22.3583,3.1509523813392697,3,0,True,False,False,False,True,False,False,False,False,False,False,False,False,True,False,False,False,False,True,False,False,False,-0.8258677501436402,-0.20862150863652568,0.19484336402527688,0.6792945838081278
0,3,0,45.0,0,0,6.975,0,6.975,2.076311648670908,1,1,False,False,True,False,False,True,False,False,False,False,False,False,False,False,False,False,True,False,False,False,True,False,1.176607686471925,-0.5705793368044965,-0.9147445967366699,-0.5609748304808925
0,3,0,33.0,0,0,7.8958,0,7.8958,2.1855792552411137,1,1,True,False,False,False,False,True,False,False,False,False,False,False,False,False,False,False,True,False,False,True,False,False,0.2866186035316738,-0.5489135844511608,-0.8019236166026618,-0.5609748304808925
0,3,0,20.0,0,0,7.05,0,7.05,2.085672091430472,1,1,False,False,True,False,False,True,False,False,False,False,False,False,False,False,False,False,True,False,False,True,False,False,-0.677536236320265,-0.5688146415107299,-0.9050797531497122,-0.5609748304808925
0,3,1,47.0,1,0,14.5,0,14.5,2.740840023925201,2,0,False,False,True,False,False,False,True,False,False,False,False,False,False,False,False,False,True,False,False,False,True,False,1.3249392002953002,-0.3935215756632601,-0.2286058134653583,0.059159876663617626
1,2,1,29.0,1,0,26.0,0,26.0,3.295836866004329,2,0,False,False,True,False,False,False,True,False,False,False,False,False,False,False,False,False,True,False,False,True,False,False,-0.010044424115076634,-0.12293496395240078,0.3444394801955362,0.059159876663617626
0,2,0,25.0,0,0,13.0,0,13.0,2.6390573296152584,1,1,False,False,True,False,False,True,False,False,False,False,False,False,False,False,False,False,True,False,False,True,False,False,-0.30670745176182707,-0.4288154815385896,-0.3336984726090336,-0.5609748304808925
0,2,0,23.0,0,0,15.0458,0,15.0458,2.775447133088262,1,1,True,False,False,False,False,True,False,False,False,False,False,False,False,False,False,False,True,False,False,True,False,False,-0.45503896558520224,-0.3806792997787569,-0.19287328396337328,-0.5609748304808925
1,1,1,19.0,0,2,26.2833,1,26.2833,3.3062747934011893,3,0,False,False,True,False,True,False,False,False,False,False,False,True,False,False,False,False,False,False,False,True,False,False,-0.7517019932319526,-0.1162691215960802,0.3552168481314282,0.6792945838081278
0,1,0,37.0,1,0,53.1,1,53.1,3.9908341858524357,2,0,False,False,True,False,False,True,False,False,False,False,True,False,False,False,False,False,False,False,False,False,True,False,0.5832816311784242,0.5147082688618853,1.0620380556287106,0.059159876663617626
0,3,0,16.0,0,0,9.2167,0,9.2167,2.3240236363515288,1,1,False,False,True,False,False,True,False,False,False,False,False,False,False,False,False,False,True,False,True,False,False,False,-0.9741992639670155,-0.5178337709373456,-0.6589770356240848,-0.5609748304808925
0,1,0,24.0,0,0,79.2,1,79.2,4.384523514872469,1,1,True,False,False,False,False,True,False,False,False,True,False,False,False,False,False,False,False,False,False,True,False,False,-0.38087320867351465,1.1288222310926181,1.4685301291949246,-0.5609748304808925
0,3,1,31.0,0,2,15.2458,0,15.2458,2.7878344138303452,3,0,True,False,False,False,False,False,True,False,False,False,False,False,False,False,False,False,True,False,False,True,False,False,0.13828708970829856,-0.3759734456620463,-0.1800831698720664,0.6792945838081278
1,3,1,22.0,0,0,7.75,0,7.75,2.169053700369523,1,1,False,False,True,False,True,False,False,False,False,False,False,False,False,False,False,False,True,False,False,True,False,False,-0.5292047224968899,-0.5523441521022427,-0.8189865811572414,-0.5609748304808925
1,3,1,24.0,1,0,15.85,0,15.85,2.8243506567983707,2,0,False,False,True,False,False,False,True,False,False,False,False,False,False,False,False,False,True,False,False,True,False,False,-0.38087320867351465,-0.3617570603754636,-0.1423794216910609,0.059159876663617626
0,3,0,19.0,0,0,6.75,0,6.75,2.0476928433652555,1,1,False,True,False,False,False,True,False,False,False,False,False,False,False,False,False,False,True,False,False,True,False,False,-0.7517019932319526,-0.5758734226857958,-0.9442940832331417,-0.5609748304808925
0,2,0,18.0,0,0,11.5,0,11.5,2.5257286443082556,1,1,False,False,True,False,False,True,False,False,False,False,False,False,False,False,False,False,True,False,True,False,False,False,-0.8258677501436402,-0.4641093874139191,-0.4507125974257932,-0.5609748304808925
0,2,0,19.0,1,1,36.75,0,36.75,3.6309854756950335,3,0,False,False,True,False,False,True,False,False,False,False,False,False,False,False,False,False,True,False,False,True,False,False,-0.7517019932319526,0.13000469482079385,0.6904870950626278,0.6792945838081278
1,3,0,27.0,0,0,7.7958,0,7.7958,2.174274334826008,1,1,False,False,True,False,False,True,False,False,False,False,False,False,False,False,False,False,True,False,False,True,False,False,-0.15837593793845184,-0.5512665115095161,-0.8135961720983267,-0.5609748304808925
0,3,1,9.0,2,2,34.375,0,34.375,3.5660053559634015,5,0,False,False,True,False,True,False,False,False,False,False,False,False,False,False,False,False,True,True,False,False,False,False,-1.4933595623488287,0.0741226771848555,0.6233938271906204,1.9195639980971482
0,2,0,36.5,0,2,26.0,1,26.0,3.295836866004329,3,0,False,False,True,False,False,True,False,False,False,False,False,False,False,True,False,False,False,False,False,False,True,False,0.5461987527225803,-0.12293496395240078,0.3444394801955362,0.6792945838081278
0,2,0,42.0,0,0,13.0,0,13.0,2.6390573296152584,1,1,False,False,True,False,False,False,False,True,False,False,False,False,False,False,False,False,True,False,False,False,True,False,0.9541104157368622,-0.4288154815385896,-0.3336984726090336,-0.5609748304808925
0,2,0,51.0,0,0,12.525,0,12.525,2.6045398247325453,1,1,False,False,True,False,False,False,False,True,False,False,False,False,False,False,False,False,True,False,False,False,True,False,1.6216022279420506,-0.43999188506577724,-0.3693384839068557,-0.5609748304808925
1,1,1,22.0,1,0,66.6,1,66.6,4.213607983048918,2,0,False,False,True,False,False,False,True,False,False,False,True,False,False,False,False,False,False,False,False,True,False,False,-0.5292047224968899,0.8323534217398503,1.2920564383571118,0.059159876663617626
0,3,0,55.5,0,0,8.05,0,8.05,2.2027647577118348,1,1,False,False,True,False,False,True,False,False,False,False,False,False,False,False,False,False,True,False,False,False,True,False,1.9553481340446448,-0.5452853709271769,-0.7841792430073967,-0.5609748304808925
0,3,0,40.5,0,2,14.5,0,14.5,2.740840023925201,3,0,False,False,True,False,False,True,False,False,False,False,False,False,False,False,False,False,True,False,False,False,True,False,0.8428617803693308,-0.3935215756632601,-0.2286058134653583,0.6792945838081278
0,3,0,26.0,0,0,7.3125,0,7.3125,2.1177604059819726,1,1,False,False,True,False,False,True,False,False,False,False,False,False,False,False,False,False,True,False,False,True,False,False,-0.23254169485013945,-0.5626382079825473,-0.8719479292525482,-0.5609748304808925
0,1,0,51.0,0,1,61.3792,0,61.3792,4.133231886474144,2,0,True,False,False,False,False,True,False,False,False,False,False,False,False,False,False,False,True,False,False,False,True,False,1.6216022279420506,0.7095118058772371,1.2090665177433995,0.059159876663617626
1,3,1,16.0,0,0,7.7333,0,7.7333,2.167143305297764,1,1,False,True,False,False,True,False,False,False,False,False,False,False,False,False,False,False,True,False,True,False,False,False,-0.9741992639670155,-0.5527370909209881,-0.8209591021193487,-0.5609748304808925
0,3,0,30.0,0,0,8.05,0,8.05,2.2027647577118348,1,1,False,False,True,False,False,True,False,False,False,False,False,False,False,False,False,False,True,False,False,True,False,False,0.06412133279661097,-0.5452853709271769,-0.7841792430073967,-0.5609748304808925
0,3,0,26.0,0,0,8.6625,0,8.6625,2.2682524139135403,1,1,False,False,True,False,False,True,False,False,False,False,False,False,False,False,False,False,True,False,False,True,False,False,-0.23254169485013945,-0.5308736926947507,-0.7165619336211217,-0.5609748304808925
0,3,0,4.0,8,2,69.55,0,69.55,4.256321678298823,11,0,False,False,True,True,False,False,False,False,False,False,False,False,False,False,False,False,True,True,False,False,False,False,-1.8641883469072666,0.9017647699613317,1.3361591794576348,5.64037224096421
0,3,0,44.0,0,1,16.1,0,16.1,2.8390784635086144,2,0,False,False,True,False,False,True,False,False,False,False,False,False,False,False,False,False,True,False,False,False,True,False,1.1024419295602375,-0.3558747427295753,-0.12717266791993012,0.059159876663617626
1,2,1,40.0,0,0,15.75,0,15.75,2.8183982582710754,1,1,False,False,True,False,False,False,True,False,False,False,False,False,False,False,False,False,True,False,False,False,True,False,0.805778901913487,-0.3641099874338189,-0.1485253917280838,-0.5609748304808925
0,3,0,26.0,0,0,7.775,0,7.775,2.1719067693519296,1,1,False,False,True,False,False,True,False,False,False,False,False,False,False,False,False,False,True,False,False,True,False,False,-0.23254169485013945,-0.551755920337654,-0.8160407306065733,-0.5609748304808925
0,3,0,17.0,0,0,8.6625,0,8.6625,2.2682524139135403,1,1,False,False,True,False,False,True,False,False,False,False,False,False,False,False,False,False,True,False,True,False,False,False,-0.9000335070553279,-0.5308736926947507,-0.7165619336211217,-0.5609748304808925
0,3,0,1.0,4,1,39.6875,0,39.6875,3.705920919968788,6,0,False,False,True,True,False,False,False,False,False,False,False,False,False,False,False,False,True,True,False,False,False,False,-2.0866856176423294,0.19912192715998075,0.7678594338107121,2.5396987052416584
1,3,0,9.0,0,2,20.525,0,20.525,3.0692150503137943,3,0,False,False,True,True,False,False,False,False,False,False,False,False,False,False,False,False,True,True,False,False,False,False,-1.4933595623488287,-0.2517577203973534,0.11044794172866994,0.6792945838081278
1,1,1,40.0,0,1,55.0,1,55.0,4.02535169073515,2,0,False,False,True,False,False,False,True,False,False,False,False,False,True,False,False,False,False,False,False,False,True,False,0.805778901913487,0.5594138829706359,1.0976780669265336,0.059159876663617626
0,3,1,45.0,1,4,27.9,0,27.9,3.3638415951183864,6,0,False,False,True,False,False,False,True,False,False,False,False,False,False,False,False,False,True,False,False,False,True,False,1.176607686471925,-0.07822934984365013,0.4146557174979072,2.5396987052416584
0,1,0,40.0,0,0,25.925,0,25.925,3.2930552230424524,1,1,False,False,True,False,False,True,False,False,False,False,False,False,False,False,False,False,True,False,False,False,True,False,0.805778901913487,-0.12469965924616723,0.34156737843370105,-0.5609748304808925
0,3,0,28.0,0,0,56.4958,0,56.4958,4.05171190165724,1,1,False,False,True,False,False,True,False,False,False,False,False,False,False,False,False,False,True,False,False,True,False,False,-0.08421018102676424,0.5946089659095145,1.1248955097361604,-0.5609748304808925
0,1,0,61.0,0,0,33.5,1,33.5,3.5409593240373143,1,1,False,False,True,False,False,True,False,False,False,True,False,False,False,False,False,False,False,False,False,False,False,True,2.3632597970589266,0.05353456542424664,0.5975333003696796,-0.5609748304808925
0,3,0,4.0,4,1,29.125,0,29.125,3.405355391810819,6,0,False,True,False,True,False,False,False,False,False,False,False,False,False,False,False,False,True,True,False,False,False,False,-1.8641883469072666,-0.04940599337879768,0.457519539438721,2.5396987052416584
1,3,1,1.0,1,1,11.1333,0,11.1333,2.495953738718064,3,0,False,False,True,False,True,False,False,False,False,False,False,False,False,False,False,False,True,True,False,False,False,False,-2.0866856176423294,-0.47273757093690794,-0.48145578049281335,0.6792945838081278
0,3,0,21.0,0,0,7.925,0,7.925,2.188856327665703,1,1,False,False,True,False,False,True,False,False,False,False,False,False,False,False,False,False,True,False,False,True,False,False,-0.6033704794085775,-0.548226529750121,-0.798539974052802,-0.5609748304808925
0,1,0,56.0,0,0,30.6958,1,30.6958,3.4561841799918147,1,1,True,False,False,False,False,True,False,False,True,False,False,False,False,False,False,False,False,False,False,False,True,False,1.9924310125004887,-0.012446215146152687,0.5100012756239033,-0.5609748304808925
0,3,0,18.0,1,1,7.8542,0,7.8542,2.180891922715322,3,0,False,False,True,False,False,True,False,False,False,False,False,False,False,False,False,False,True,False,True,False,False,False,-0.8258677501436402,-0.5498924021074366,-0.806763380796033,0.6792945838081278
0,3,0,4.0,3,1,25.4667,0,25.4667,3.275887339030031,5,0,False,False,True,True,False,False,False,False,False,False,False,False,False,False,False,False,True,True,False,False,False,False,-1.8641883469072666,-0.1354831239546096,0.32384119624754826,1.9195639980971482
0,1,1,50.0,0,0,28.7125,1,28.7125,3.391567832686312,1,1,True,False,False,False,True,False,False,False,False,False,True,False,False,False,False,False,False,False,False,False,True,False,1.547436471030363,-0.05911181749451332,0.4432836100273541,-0.5609748304808925
0,2,0,30.0,0,0,13.0,0,13.0,2.6390573296152584,1,1,False,False,True,False,False,True,False,False,False,False,False,False,False,False,False,False,True,False,False,True,False,False,0.06412133279661097,-0.4288154815385896,-0.3336984726090336,-0.5609748304808925
0,3,0,36.0,0,0,0.0,0,0.0,0.0,1,1,False,False,True,False,False,True,False,False,False,False,False,False,False,False,False,False,True,False,False,False,True,False,0.5091158742667365,-0.7346959991247785,-3.0585777291682934,-0.5609748304808925
0,3,1,18.0,8,2,69.55,0,69.55,4.256321678298823,11,0,False,False,True,False,True,False,False,False,False,False,False,False,False,False,False,False,True,False,True,False,False,False,-0.8258677501436402,0.9017647699613317,1.3361591794576348,5.64037224096421
0,2,0,31.0,0,0,15.05,0,15.05,2.775708849576025,1,1,True,False,False,False,False,True,False,False,False,False,False,False,False,False,False,False,True,False,False,True,False,False,0.13828708970829856,-0.38058047684230595,-0.19260305647698941,-0.5609748304808925
0,3,0,9.0,4,2,31.3875,0,31.3875,3.4777725458882283,7,0,False,False,True,True,False,False,False,False,False,False,False,False,False,False,False,False,True,True,False,False,False,False,-1.4933595623488287,0.003828981316490934,0.5322916934007406,3.1598334123861687
1,2,0,1.0,2,1,39.0,1,39.0,3.6888794541139363,4,0,False,False,True,True,False,False,False,False,False,False,False,False,False,True,False,False,False,True,False,False,False,False,-2.0866856176423294,0.18294555363378806,0.750263780890198,1.299429290952638
1,3,1,4.0,0,2,22.025,0,22.025,3.1365805821413706,3,0,False,False,True,False,True,False,False,False,False,False,False,False,False,False,False,False,True,True,False,False,False,False,-1.8641883469072666,-0.21646381452202393,0.1800041951014629,0.6792945838081278
0,1,0,40.0,0,0,50.0,1,50.0,3.9318256327243257,1,1,False,False,True,False,False,True,False,False,True,False,False,False,False,False,False,False,False,False,False,False,True,False,0.805778901913487,0.44176753005287095,1.0011105492142125,-0.5609748304808925
1,3,1,31.0,1,0,15.5,0,15.5,2.803360380906535,2,0,False,True,False,False,False,False,True,False,False,False,False,False,False,False,False,False,True,False,False,True,False,False,0.13828708970829856,-0.36999230507970715,-0.16405229962564447,0.059159876663617626
1,1,0,45.0,0,0,26.55,0,26.55,3.3160025355989236,1,1,False,False,True,False,False,True,False,False,False,False,False,False,False,False,False,False,True,False,False,False,True,False,1.176607686471925,-0.10999386513144661,0.36526093570402607,-0.5609748304808925
0,3,0,40.0,1,1,15.5,0,15.5,2.803360380906535,3,0,False,True,False,False,False,True,False,False,False,False,False,False,False,False,False,False,True,False,False,False,True,False,0.805778901913487,-0.36999230507970715,-0.16405229962564447,0.6792945838081278
0,3,0,36.0,0,0,7.8958,0,7.8958,2.1855792552411137,1,1,False,False,True,False,False,True,False,False,False,False,False,False,False,False,False,False,True,False,False,False,True,False,0.5091158742667365,-0.5489135844511608,-0.8019236166026618,-0.5609748304808925
1,2,1,32.0,0,0,13.0,0,13.0,2.6390573296152584,1,1,False,False,True,False,False,False,True,False,False,False,False,False,False,False,False,False,True,False,False,True,False,False,0.21245284661998617,-0.4288154815385896,-0.3336984726090336,-0.5609748304808925
0,2,0,19.0,0,0,13.0,0,13.0,2.6390573296152584,1,1,False,False,True,False,False,True,False,False,False,False,False,False,False,False,False,False,True,False,False,True,False,False,-0.7517019932319526,-0.4288154815385896,-0.3336984726090336,-0.5609748304808925
1,3,1,19.0,1,0,7.8542,0,7.8542,2.180891922715322,2,0,False,False,True,False,True,False,False,False,False,False,False,False,False,False,False,False,True,False,False,True,False,False,-0.7517019932319526,-0.5498924021074366,-0.806763380796033,0.059159876663617626
1,2,0,3.0,1,1,26.0,1,26.0,3.295836866004329,3,0,False,False,True,True,False,False,False,False,False,False,False,False,False,True,False,False,False,True,False,False,False,False,-1.9383541038189542,-0.12293496395240078,0.3444394801955362,0.6792945838081278
1,1,1,44.0,0,0,27.7208,1,27.7208,3.357621598945279,1,1,True,False,False,False,False,False,True,False,False,True,False,False,False,False,False,False,False,False,False,False,True,False,1.1024419295602375,-0.08244579513222278,0.4082334475616762,-0.5609748304808925
1,1,1,58.0,0,0,146.5208,1,146.5208,4.993969182787072,1,1,True,False,False,False,True,False,False,False,False,True,False,False,False,False,False,False,False,False,False,False,True,False,2.1407625263238637,2.7128315501938722,2.097794920021772,-0.5609748304808925
0,3,0,26.0,0,0,7.75,0,7.75,2.169053700369523,1,1,False,True,False,False,False,True,False,False,False,False,False,False,False,False,False,False,True,False,False,True,False,False,-0.23254169485013945,-0.5523441521022427,-0.8189865811572414,-0.5609748304808925
0,3,0,42.0,0,1,8.4042,0,8.4042,2.2411563979973974,2,0,False,False,True,False,False,True,False,False,False,False,False,False,False,False,False,False,True,False,False,False,True,False,0.9541104157368622,-0.5369513032864824,-0.7445391097425897,0.059159876663617626
1,3,1,18.0,0,0,7.75,0,7.75,2.169053700369523,1,1,False,True,False,False,True,False,False,False,False,False,False,False,False,False,False,False,True,False,True,False,False,False,-0.8258677501436402,-0.5523441521022427,-0.8189865811572414,-0.5609748304808925
0,2,1,24.0,0,0,13.0,0,13.0,2.6390573296152584,1,1,False,False,True,False,True,False,False,False,False,False,False,False,False,False,False,False,True,False,False,True,False,False,-0.38087320867351465,-0.4288154815385896,-0.3336984726090336,-0.5609748304808925
0,3,0,28.0,0,0,9.5,0,9.5,2.3513752571634776,1,1,False,False,True,False,False,True,False,False,False,False,False,False,False,False,False,False,True,False,False,True,False,False,-0.08421018102676424,-0.5111679285810251,-0.6307359423566569,-0.5609748304808925
0,3,0,26.0,8,2,69.55,0,69.55,4.256321678298823,11,0,False,False,True,False,False,True,False,False,False,False,False,False,False,False,False,False,True,False,False,True,False,False,-0.23254169485013945,0.9017647699613317,1.3361591794576348,5.64037224096421
0,3,0,34.0,0,0,6.4958,0,6.4958,2.0143428636837015,1,1,False,False,True,False,False,True,False,False,False,False,False,False,False,False,False,False,True,False,False,True,False,False,0.3607843604433614,-0.581854563268135,-0.9787286015064478,-0.5609748304808925
0,3,0,45.5,0,0,7.225,0,7.225,2.1071782966514356,1,1,True,False,False,False,False,True,False,False,False,False,False,False,False,False,False,False,True,False,False,False,True,False,1.2136905649277687,-0.5646970191586081,-0.8828741679067217,-0.5609748304808925
1,3,0,18.0,0,0,8.05,0,8.05,2.2027647577118348,1,1,False,False,True,False,False,True,False,False,False,False,False,False,False,False,False,False,True,False,True,False,False,False,-0.8258677501436402,-0.5452853709271769,-0.7841792430073967,-0.5609748304808925
0,3,1,2.0,0,1,10.4625,1,10.4625,2.4390808375825834,2,0,False,False,True,False,True,False,False,False,False,False,False,False,False,False,True,False,False,True,False,False,False,False,-2.012519860730642,-0.48852100564435524,-0.5401781836878246,0.059159876663617626
0,3,0,32.0,1,0,15.85,0,15.85,2.8243506567983707,2,0,False,False,True,False,False,True,False,False,False,False,False,False,False,False,False,False,True,False,False,True,False,False,0.21245284661998617,-0.3617570603754636,-0.1423794216910609,0.059159876663617626
1,3,0,26.0,0,0,18.7875,0,18.7875,2.9850504252071306,1,1,True,False,False,False,False,True,False,False,False,False,False,False,False,False,False,False,True,False,False,True,False,False,-0.23254169485013945,-0.29263982803627664,0.023546289947323752,-0.5609748304808925
1,3,1,16.0,0,0,7.75,0,7.75,2.169053700369523,1,1,False,True,False,False,True,False,False,False,False,False,False,False,False,False,False,False,True,False,True,False,False,False,-0.9741992639670155,-0.5523441521022427,-0.8189865811572414,-0.5609748304808925
1,1,0,40.0,0,0,31.0,1,31.0,3.4657359027997265,1,1,True,False,False,False,False,True,False,False,True,False,False,False,False,False,False,False,False,False,False,False,True,False,0.805778901913487,-0.005288611034635832,0.5198636196706229,-0.5609748304808925
0,3,0,24.0,0,0,7.05,0,7.05,2.085672091430472,1,1,False,False,True,False,False,True,False,False,False,False,False,False,False,False,False,False,True,False,False,True,False,False,-0.38087320867351465,-0.5688146415107299,-0.9050797531497122,-0.5609748304808925
1,2,1,35.0,0,0,21.0,0,21.0,3.091042453358316,1,1,False,False,True,False,True,False,False,False,False,False,False,False,False,False,False,False,True,False,False,True,False,False,0.43495011735504896,-0.2405813168701657,0.1329851701219792,-0.5609748304808925
0,3,0,22.0,0,0,7.25,0,7.25,2.1102132003465894,1,1,False,False,True,False,False,True,False,False,False,False,False,False,False,False,False,False,True,False,False,True,False,False,-0.5292047224968899,-0.5641087873940193,-0.8797405693934278,-0.5609748304808925
0,2,0,30.0,0,0,13.0,0,13.0,2.6390573296152584,1,1,False,False,True,False,False,True,False,False,False,False,False,False,False,False,False,False,True,False,False,True,False,False,0.06412133279661097,-0.4288154815385896,-0.3336984726090336,-0.5609748304808925
0,3,0,26.0,1,0,7.75,0,7.75,2.169053700369523,2,0,False,True,False,False,False,True,False,False,False,False,False,False,False,False,False,False,True,False,False,True,False,False,-0.23254169485013945,-0.5523441521022427,-0.8189865811572414,0.059159876663617626
1,1,1,31.0,1,0,113.275,1,113.275,4.738607824217808,2,0,True,False,False,False,True,False,False,False,False,False,False,True,False,False,False,False,False,False,False,True,False,False,0.13828708970829856,1.9305821262271863,1.834129231109428,0.059159876663617626
1,3,1,27.0,0,0,7.925,0,7.925,2.188856327665703,1,1,False,False,True,False,True,False,False,False,False,False,False,False,False,False,False,False,True,False,False,True,False,False,-0.15837593793845184,-0.548226529750121,-0.798539974052802,-0.5609748304808925
0,2,0,42.0,1,0,27.0,0,27.0,3.332204510175204,2,0,False,False,True,False,False,True,False,False,False,False,False,False,False,False,False,False,True,False,False,False,True,False,0.9541104157368622,-0.09940569336884779,0.3819897971587497,0.059159876663617626
1,1,1,32.0,0,0,76.2917,1,76.2917,4.347586575960343,1,1,True,False,False,False,True,False,False,False,False,False,False,True,False,False,False,False,False,False,False,True,False,False,0.21245284661998617,1.060392053454471,1.4303920040723752,-0.5609748304808925
0,2,0,30.0,0,0,10.5,0,10.5,2.4423470353692043,1,1,False,False,True,False,False,True,False,False,False,False,False,False,False,False,False,False,True,False,False,True,False,False,0.06412133279661097,-0.4876386579974721,-0.5368057694182641,-0.5609748304808925
1,3,0,16.0,0,0,8.05,0,8.05,2.2027647577118348,1,1,False,False,True,False,False,True,False,False,False,False,False,False,False,False,False,False,True,False,True,False,False,False,-0.9741992639670155,-0.5452853709271769,-0.7841792430073967,-0.5609748304808925
0,2,0,27.0,0,0,13.0,0,13.0,2.6390573296152584,1,1,False,False,True,False,False,True,False,False,False,False,False,False,False,False,False,False,True,False,False,True,False,False,-0.15837593793845184,-0.4288154815385896,-0.3336984726090336,-0.5609748304808925
0,3,0,51.0,0,0,8.05,0,8.05,2.2027647577118348,1,1,False,False,True,False,False,True,False,False,False,False,False,False,False,False,False,False,True,False,False,False,True,False,1.6216022279420506,-0.5452853709271769,-0.7841792430073967,-0.5609748304808925
0,3,0,26.0,0,0,7.8958,0,7.8958,2.1855792552411137,1,1,False,False,True,False,False,True,False,False,False,False,False,False,False,False,False,False,True,False,False,True,False,False,-0.23254169485013945,-0.5489135844511608,-0.8019236166026618,-0.5609748304808925
1,1,0,38.0,1,0,90.0,1,90.0,4.51085950651685,2,0,False,False,True,False,False,True,False,False,False,False,True,False,False,False,False,False,False,False,False,False,True,False,0.6574473880901118,1.3829383533949904,1.5989745568795648,0.059159876663617626
0,3,0,22.0,0,0,9.35,0,9.35,2.336986519711378,1,1,False,False,True,False,False,True,False,False,False,False,False,False,False,False,False,False,True,False,False,True,False,False,-0.5292047224968899,-0.5146973191685581,-0.6455926003653025,-0.5609748304808925
1,2,0,19.0,0,0,10.5,0,10.5,2.4423470353692043,1,1,False,False,True,False,False,True,False,False,False,False,False,False,False,False,False,False,True,False,False,True,False,False,-0.7517019932319526,-0.4876386579974721,-0.5368057694182641,-0.5609748304808925
0,3,0,20.5,0,0,7.25,0,7.25,2.1102132003465894,1,1,False,False,True,False,False,True,False,False,False,False,False,False,False,False,False,False,True,False,False,True,False,False,-0.6404533578644213,-0.5641087873940193,-0.8797405693934278,-0.5609748304808925
0,2,0,18.0,0,0,13.0,0,13.0,2.6390573296152584,1,1,False,False,True,False,False,True,False,False,False,False,False,False,False,False,False,False,True,False,True,False,False,False,-0.8258677501436402,-0.4288154815385896,-0.3336984726090336,-0.5609748304808925
0,3,1,18.0,3,1,25.4667,0,25.4667,3.275887339030031,5,0,False,False,True,False,True,False,False,False,False,False,False,False,False,False,False,False,True,False,True,False,False,False,-0.8258677501436402,-0.1354831239546096,0.32384119624754826,1.9195639980971482
1,1,1,35.0,1,0,83.475,1,83.475,4.436455632600354,2,0,False,False,True,False,False,False,True,False,False,False,True,False,False,False,False,False,False,False,False,True,False,False,0.43495011735504896,1.229409862837307,1.5221510751129648,0.059159876663617626
0,3,0,29.0,0,0,7.775,0,7.775,2.1719067693519296,1,1,False,False,True,False,False,True,False,False,False,False,False,False,False,False,False,False,True,False,False,True,False,False,-0.010044424115076634,-0.551755920337654,-0.8160407306065733,-0.5609748304808925
0,2,0,59.0,0,0,13.5,0,13.5,2.6741486494265287,1,1,False,False,True,False,False,True,False,False,False,False,False,False,False,False,False,False,True,False,False,False,True,False,2.2149282832355515,-0.4170508462468131,-0.29746598596845064,-0.5609748304808925
1,3,1,5.0,4,2,31.3875,0,31.3875,3.4777725458882283,7,0,False,False,True,False,True,False,False,False,False,False,False,False,False,False,False,False,True,True,False,False,False,False,-1.790022589995579,0.003828981316490934,0.5322916934007406,3.1598334123861687
0,2,0,24.0,0,0,10.5,0,10.5,2.4423470353692043,1,1,False,False,True,False,False,True,False,False,False,False,False,False,False,False,False,False,True,False,False,True,False,False,-0.38087320867351465,-0.4876386579974721,-0.5368057694182641,-0.5609748304808925
0,3,1,18.0,0,0,7.55,0,7.55,2.145931282948669,1,1,False,False,True,False,True,False,False,False,False,False,False,False,False,False,False,False,True,False,True,False,False,False,-0.8258677501436402,-0.5570500062189534,-0.8428609376877135,-0.5609748304808925
0,2,0,44.0,1,0,26.0,0,26.0,3.295836866004329,2,0,False,False,True,False,False,True,False,False,False,False,False,False,False,False,False,False,True,False,False,False,True,False,1.1024419295602375,-0.12293496395240078,0.3444394801955362,0.059159876663617626
1,2,1,8.0,0,2,26.25,0,26.25,3.305053521109253,3,0,False,False,True,False,True,False,False,False,False,False,False,False,False,False,False,False,True,True,False,False,False,False,-1.5675253192605163,-0.11705264630651252,0.35395586016517094,0.6792945838081278
0,2,0,19.0,0,0,10.5,0,10.5,2.4423470353692043,1,1,False,False,True,False,False,True,False,False,False,False,False,False,False,False,False,False,True,False,False,True,False,False,-0.7517019932319526,-0.4876386579974721,-0.5368057694182641,-0.5609748304808925
0,2,0,33.0,0,0,12.275,0,12.275,2.5858825671280026,1,1,False,False,True,False,False,True,False,False,False,False,False,False,False,False,False,False,True,False,False,True,False,False,0.2866186035316738,-0.4458742027116655,-0.3886024739916458,-0.5609748304808925
0,3,1,18.0,1,0,14.4542,0,14.4542,2.737880811060884,2,0,True,False,False,False,True,False,False,False,False,False,False,False,False,False,False,False,True,False,True,False,False,False,-0.8258677501436402,-0.3945992162559869,-0.23166125968823223,0.059159876663617626
1,3,1,18.0,1,0,15.5,0,15.5,2.803360380906535,2,0,False,True,False,False,True,False,False,False,False,False,False,False,False,False,False,False,True,False,True,False,False,False,-0.8258677501436402,-0.36999230507970715,-0.16405229962564447,0.059159876663617626
0,2,0,29.0,0,0,10.5,0,10.5,2.4423470353692043,1,1,False,False,True,False,False,True,False,False,False,False,False,False,False,False,False,False,True,False,False,True,False,False,-0.010044424115076634,-0.4876386579974721,-0.5368057694182641,-0.5609748304808925
0,3,0,22.0,0,0,7.125,0,7.125,2.094945728215801,1,1,False,False,True,False,False,True,False,False,False,False,False,False,False,False,False,False,True,False,False,True,False,False,-0.5292047224968899,-0.5670499462169634,-0.8955045384601199,-0.5609748304808925
0,3,0,30.0,0,0,7.225,0,7.225,2.1071782966514356,1,1,True,False,False,False,False,True,False,False,False,False,False,False,False,False,False,False,True,False,False,True,False,False,0.06412133279661097,-0.5646970191586081,-0.8828741679067217,-0.5609748304808925
0,1,0,44.0,2,0,90.0,1,90.0,4.51085950651685,3,0,False,True,False,False,False,False,False,True,False,False,True,False,False,False,False,False,False,False,False,False,True,False,1.1024419295602375,1.3829383533949904,1.5989745568795648,0.6792945838081278
0,3,1,25.0,0,0,7.775,0,7.775,2.1719067693519296,1,1,False,False,True,False,True,False,False,False,False,False,False,False,False,False,False,False,True,False,False,True,False,False,-0.30670745176182707,-0.551755920337654,-0.8160407306065733,-0.5609748304808925
1,2,1,24.0,0,2,14.5,0,14.5,2.740840023925201,3,0,False,False,True,False,False,False,True,False,False,False,False,False,False,False,False,False,True,False,False,True,False,False,-0.38087320867351465,-0.3935215756632601,-0.2286058134653583,0.6792945838081278
1,1,0,37.0,1,1,52.5542,1,52.5542,3.9806942251907276,3,0,False,False,True,False,False,True,False,False,False,False,False,True,False,False,False,False,False,False,False,False,True,False,0.5832816311784242,0.501865992977382,1.0515683442816504,0.6792945838081278
0,2,0,54.0,1,0,26.0,0,26.0,3.295836866004329,2,0,False,False,True,False,False,False,False,True,False,False,False,False,False,False,False,False,True,False,False,False,True,False,1.8440994986771135,-0.12293496395240078,0.3444394801955362,0.059159876663617626
0,3,0,26.0,0,0,7.25,0,7.25,2.1102132003465894,1,1,False,False,True,False,False,True,False,False,False,False,False,False,False,False,False,False,True,False,False,True,False,False,-0.23254169485013945,-0.5641087873940193,-0.8797405693934278,-0.5609748304808925
0,3,1,29.0,1,1,10.4625,1,10.4625,2.4390808375825834,3,0,False,False,True,False,False,False,True,False,False,False,False,False,False,False,True,False,False,False,False,True,False,False,-0.010044424115076634,-0.48852100564435524,-0.5401781836878246,0.6792945838081278
0,1,0,62.0,0,0,26.55,1,26.55,3.3160025355989236,1,1,False,False,True,False,False,True,False,False,False,False,True,False,False,False,False,False,False,False,False,False,False,True,2.437425553970614,-0.10999386513144661,0.36526093570402607,-0.5609748304808925
0,3,0,30.0,1,0,16.1,0,16.1,2.8390784635086144,2,0,False,False,True,False,False,True,False,False,False,False,False,False,False,False,False,False,True,False,False,True,False,False,0.06412133279661097,-0.3558747427295753,-0.12717266791993012,0.059159876663617626
0,3,1,41.0,0,2,20.2125,0,20.2125,3.0545906305603445,3,0,False,False,True,False,False,False,True,False,False,False,False,False,False,False,False,False,True,False,False,False,True,False,0.8799446588251746,-0.2591106174547137,0.09534793704965058,0.6792945838081278
1,3,1,29.0,0,2,15.2458,0,15.2458,2.7878344138303452,3,0,True,False,False,False,False,False,True,False,False,False,False,False,False,False,False,False,True,False,False,True,False,False,-0.010044424115076634,-0.3759734456620463,-0.1800831698720664,0.6792945838081278
1,1,1,40.0,0,0,79.2,0,79.2,4.384523514872469,1,1,True,False,False,False,False,False,True,False,False,False,False,False,False,False,False,False,True,False,False,False,True,False,0.805778901913487,1.1288222310926181,1.4685301291949246,-0.5609748304808925
1,1,1,30.0,0,0,86.5,1,86.5,4.471638793363569,1,1,False,False,True,False,True,False,False,False,False,True,False,False,False,False,False,False,False,False,False,True,False,False,0.06412133279661097,1.3005859063525549,1.5584783893656837,-0.5609748304808925
1,1,1,35.0,0,0,512.3292,0,249.00622000000035,6.240917354759096,1,1,True,False,False,False,True,False,False,False,False,False,False,False,False,False,False,False,True,False,False,True,False,False,0.43495011735504896,5.124238728242953,3.3852937438182273,-0.5609748304808925
1,2,1,50.0,0,1,26.0,0,26.0,3.295836866004329,2,0,False,False,True,False,False,False,True,False,False,False,False,False,False,False,False,False,True,False,False,False,True,False,1.547436471030363,-0.12293496395240078,0.3444394801955362,0.059159876663617626
0,3,0,26.0,0,0,7.75,0,7.75,2.169053700369523,1,1,False,True,False,False,False,True,False,False,False,False,False,False,False,False,False,False,True,False,False,True,False,False,-0.23254169485013945,-0.5523441521022427,-0.8189865811572414,-0.5609748304808925
1,3,0,3.0,4,2,31.3875,0,31.3875,3.4777725458882283,7,0,False,False,True,True,False,False,False,False,False,False,False,False,False,False,False,False,True,True,False,False,False,False,-1.9383541038189542,0.003828981316490934,0.5322916934007406,3.1598334123861687
0,1,0,52.0,1,1,79.65,1,79.65,4.390118804571218,3,0,False,False,True,False,False,True,False,False,False,False,False,False,True,False,False,False,False,False,False,False,True,False,1.6957679848537381,1.139410402855217,1.4743073772537167,0.6792945838081278
0,1,0,40.0,0,0,0.0,1,0.0,0.0,1,1,False,False,True,False,False,True,False,False,False,True,False,False,False,False,False,False,False,False,False,False,True,False,0.805778901913487,-0.7346959991247785,-3.0585777291682934,-0.5609748304808925
0,3,1,18.0,0,0,7.75,0,7.75,2.169053700369523,1,1,False,True,False,False,True,False,False,False,False,False,False,False,False,False,False,False,True,False,True,False,False,False,-0.8258677501436402,-0.5523441521022427,-0.8189865811572414,-0.5609748304808925
0,2,0,36.0,0,0,10.5,0,10.5,2.4423470353692043,1,1,False,False,True,False,False,True,False,False,False,False,False,False,False,False,False,False,True,False,False,False,True,False,0.5091158742667365,-0.4876386579974721,-0.5368057694182641,-0.5609748304808925
0,3,0,16.0,4,1,39.6875,0,39.6875,3.705920919968788,6,0,False,False,True,False,False,True,False,False,False,False,False,False,False,False,False,False,True,False,True,False,False,False,-0.9741992639670155,0.19912192715998075,0.7678594338107121,2.5396987052416584
1,3,0,25.0,1,0,7.775,0,7.775,2.1719067693519296,2,0,False,False,True,False,False,True,False,False,False,False,False,False,False,False,False,False,True,False,False,True,False,False,-0.30670745176182707,-0.551755920337654,-0.8160407306065733,0.059159876663617626
1,1,1,58.0,0,1,153.4625,1,153.4625,5.039951348430309,2,0,False,False,True,False,False,False,True,False,False,False,True,False,False,False,False,False,False,False,False,False,True,False,2.1407625263238637,2.876164687803722,2.14527242190355,0.059159876663617626
1,1,1,35.0,0,0,135.6333,1,135.6333,4.91730069488021,1,1,False,False,True,False,True,False,False,False,False,False,True,False,False,False,False,False,False,False,False,True,False,False,0.43495011735504896,2.456656616715439,2.0186331792044068,-0.5609748304808925
0,1,0,40.0,0,0,31.0,0,31.0,3.4657359027997265,1,1,False,False,True,False,False,True,False,False,False,False,False,False,False,False,False,False,True,False,False,False,True,False,0.805778901913487,-0.005288611034635832,0.5198636196706229,-0.5609748304808925
1,3,0,25.0,0,0,0.0,0,0.0,0.0,1,1,False,False,True,False,False,True,False,False,False,False,False,False,False,False,False,False,True,False,False,True,False,False,-0.30670745176182707,-0.7346959991247785,-3.0585777291682934,-0.5609748304808925
1,2,1,41.0,0,1,19.5,0,19.5,3.0204248861443626,2,0,False,False,True,False,False,False,True,False,False,False,False,False,False,False,False,False,True,False,False,False,True,False,0.8799446588251746,-0.2758752227454952,0.06007112543995847,0.059159876663617626
0,1,0,37.0,0,1,29.7,1,29.7,3.4242626545931514,2,0,True,False,False,False,False,True,False,False,False,False,True,False,False,False,False,False,False,False,False,False,True,False,0.5832816311784242,-0.03587666279325473,0.4770416648490861,0.059159876663617626
1,3,1,18.0,0,0,7.75,0,7.75,2.169053700369523,1,1,False,True,False,False,True,False,False,False,False,False,False,False,False,False,False,False,True,False,True,False,False,False,-0.8258677501436402,-0.5523441521022427,-0.8189865811572414,-0.5609748304808925
1,1,1,63.0,1,0,77.9583,1,77.9583,4.368919865004903,2,0,False,False,True,False,True,False,False,False,False,False,False,True,False,False,False,False,False,False,False,False,False,True,2.511591310882302,1.0996059358090202,1.452419049919151,0.059159876663617626
0,3,1,45.0,0,0,7.75,0,7.75,2.169053700369523,1,1,False,False,True,False,True,False,False,False,False,False,False,False,False,False,False,False,True,False,False,False,True,False,1.176607686471925,-0.5523441521022427,-0.8189865811572414,-0.5609748304808925
0,2,0,31.0,0,0,0.0,0,0.0,0.0,1,1,False,False,True,False,False,True,False,False,False,False,False,False,False,False,False,False,True,False,False,True,False,False,0.13828708970829856,-0.7346959991247785,-3.0585777291682934,-0.5609748304808925
0,3,0,7.0,4,1,29.125,0,29.125,3.405355391810819,6,0,False,True,False,True,False,False,False,False,False,False,False,False,False,False,False,False,True,True,False,False,False,False,-1.641691076172204,-0.04940599337879768,0.457519539438721,2.5396987052416584
1,3,1,35.0,1,1,20.25,0,20.25,3.056356895370426,3,0,False,False,True,False,False,False,True,False,False,False,False,False,False,False,False,False,True,False,False,True,False,False,0.43495011735504896,-0.2582282698078304,0.0971716406458445,0.6792945838081278
0,3,0,65.0,0,0,7.75,0,7.75,2.169053700369523,1,1,False,True,False,False,False,True,False,False,False,False,False,False,False,False,False,False,True,False,False,False,False,True,2.659922824705677,-0.5523441521022427,-0.8189865811572414,-0.5609748304808925
0,3,0,28.0,0,0,7.8542,0,7.8542,2.180891922715322,1,1,False,False,True,False,False,True,False,False,False,False,False,False,False,False,False,False,True,False,False,True,False,False,-0.08421018102676424,-0.5498924021074366,-0.806763380796033,-0.5609748304808925
0,3,0,16.0,0,0,9.5,0,9.5,2.3513752571634776,1,1,False,False,True,False,False,True,False,False,False,False,False,False,False,False,False,False,True,False,True,False,False,False,-0.9741992639670155,-0.5111679285810251,-0.6307359423566569,-0.5609748304808925
1,3,0,19.0,0,0,8.05,0,8.05,2.2027647577118348,1,1,False,False,True,False,False,True,False,False,False,False,False,False,False,False,False,False,True,False,False,True,False,False,-0.7517019932319526,-0.5452853709271769,-0.7841792430073967,-0.5609748304808925
0,1,0,40.0,0,0,26.0,1,26.0,3.295836866004329,1,1,False,False,True,False,False,True,False,False,True,False,False,False,False,False,False,False,False,False,False,False,True,False,0.805778901913487,-0.12293496395240078,0.3444394801955362,-0.5609748304808925
0,3,0,33.0,0,0,8.6625,0,8.6625,2.2682524139135403,1,1,True,False,False,False,False,True,False,False,False,False,False,False,False,False,False,False,True,False,False,True,False,False,0.2866186035316738,-0.5308736926947507,-0.7165619336211217,-0.5609748304808925
1,3,0,30.0,0,0,9.5,0,9.5,2.3513752571634776,1,1,False,False,True,False,False,True,False,False,False,False,False,False,False,False,False,False,True,False,False,True,False,False,0.06412133279661097,-0.5111679285810251,-0.6307359423566569,-0.5609748304808925
0,3,0,22.0,0,0,7.8958,0,7.8958,2.1855792552411137,1,1,False,False,True,False,False,True,False,False,False,False,False,False,False,False,False,False,True,False,False,True,False,False,-0.5292047224968899,-0.5489135844511608,-0.8019236166026618,-0.5609748304808925
1,2,0,42.0,0,0,13.0,0,13.0,2.6390573296152584,1,1,False,False,True,False,False,True,False,False,False,False,False,False,False,False,False,False,True,False,False,False,True,False,0.9541104157368622,-0.4288154815385896,-0.3336984726090336,-0.5609748304808925
1,3,1,22.0,0,0,7.75,0,7.75,2.169053700369523,1,1,False,True,False,False,True,False,False,False,False,False,False,False,False,False,False,False,True,False,False,True,False,False,-0.5292047224968899,-0.5523441521022427,-0.8189865811572414,-0.5609748304808925
1,1,1,26.0,0,0,78.85,0,78.85,4.380149874661021,1,1,False,False,True,False,True,False,False,False,False,False,False,False,False,False,False,False,True,False,False,True,False,False,-0.23254169485013945,1.1205869863883744,1.464014258564117,-0.5609748304808925
1,1,1,19.0,1,0,91.0792,1,91.0792,4.5226490762785785,2,0,True,False,False,False,False,False,True,False,False,True,False,False,False,False,False,False,False,False,False,True,False,False,-0.7517019932319526,1.4083311422087608,1.6111475224786775,0.059159876663617626
0,2,0,36.0,0,0,12.875,1,12.875,2.630088659632498,1,1,True,False,False,False,False,True,False,False,False,False,False,True,False,False,False,False,False,False,False,False,True,False,0.5091158742667365,-0.4317566403615337,-0.3429588030007618,-0.5609748304808925
0,3,1,24.0,0,0,8.85,0,8.85,2.2874714551839976,1,1,False,False,True,False,True,False,False,False,False,False,False,False,False,False,False,False,True,False,False,True,False,False,-0.38087320867351465,-0.5264619544603346,-0.6967178907118832,-0.5609748304808925
0,3,0,24.0,0,0,7.8958,0,7.8958,2.1855792552411137,1,1,False,False,True,False,False,True,False,False,False,False,False,False,False,False,False,False,True,False,False,True,False,False,-0.38087320867351465,-0.5489135844511608,-0.8019236166026618,-0.5609748304808925
0,1,0,40.0,0,0,27.7208,0,27.7208,3.357621598945279,1,1,True,False,False,False,False,True,False,False,False,False,False,False,False,False,False,False,True,False,False,False,True,False,0.805778901913487,-0.08244579513222278,0.4082334475616762,-0.5609748304808925
0,3,0,23.5,0,0,7.2292,0,7.2292,2.1076888046179385,1,1,True,False,False,False,False,True,False,False,False,False,False,False,False,False,False,False,True,False,False,True,False,False,-0.41795608712935844,-0.5645981962221572,-0.8823470582632056,-0.5609748304808925
0,1,1,2.0,1,2,151.55,1,151.55,5.027492411162679,4,0,False,False,True,False,True,False,False,False,False,False,True,False,False,False,False,False,False,True,False,False,False,False,-2.012519860730642,2.831164957812677,2.132408321022389,1.299429290952638
1,1,0,40.0,0,0,30.5,1,30.5,3.449987545831587,1,1,False,False,True,False,False,True,False,False,False,False,True,False,False,False,False,False,False,False,False,False,True,False,0.805778901913487,-0.017053246326412325,0.5036031274312862,-0.5609748304808925
1,1,1,50.0,0,1,247.5208,1,247.5208,5.515526544247129,2,0,True,False,False,False,False,False,True,False,False,True,False,False,False,False,False,False,False,False,False,False,True,False,1.547436471030363,5.089287879132724,2.6363132839087284,0.059159876663617626
1,3,1,18.0,0,0,7.75,0,7.75,2.169053700369523,1,1,False,True,False,False,True,False,False,False,False,False,False,False,False,False,False,False,True,False,True,False,False,False,-0.8258677501436402,-0.5523441521022427,-0.8189865811572414,-0.5609748304808925
1,3,0,26.0,2,0,23.25,0,23.25,3.188416617383492,3,0,False,True,False,False,False,True,False,False,False,False,False,False,False,False,False,False,True,False,False,True,False,False,-0.23254169485013945,-0.1876404580571715,0.23352593393921808,0.6792945838081278
0,3,0,19.0,0,0,0.0,0,0.0,0.0,1,1,False,False,True,False,False,True,False,False,False,False,False,False,False,False,False,False,True,False,False,True,False,False,-0.7517019932319526,-0.7346959991247785,-3.0585777291682934,-0.5609748304808925
1,2,1,24.0,0,0,12.35,1,12.35,2.5915163848462583,1,1,False,True,False,False,True,False,False,False,False,False,False,False,True,False,False,False,False,False,False,True,False,False,-0.38087320867351465,-0.4441095074178991,-0.38278544498532663,-0.5609748304808925
0,3,0,26.0,0,0,8.05,0,8.05,2.2027647577118348,1,1,False,False,True,False,False,True,False,False,False,False,False,False,False,False,False,False,True,False,False,True,False,False,-0.23254169485013945,-0.5452853709271769,-0.7841792430073967,-0.5609748304808925
1,1,0,0.92,1,2,151.55,1,151.55,5.027492411162679,4,0,False,False,True,True,False,False,False,False,False,False,True,False,False,False,False,False,False,True,False,False,False,False,-2.0926188781952644,2.831164957812677,2.132408321022389,1.299429290952638
1,1,1,30.0,0,0,110.8833,0,110.8833,4.717456363787216,1,1,True,False,False,False,True,False,False,False,False,False,False,False,False,False,False,False,True,False,False,True,False,False,0.06412133279661097,1.8743071697725027,1.812289926928167,-0.5609748304808925
1,1,1,17.0,1,0,108.9,1,108.9,4.699570861409576,2,0,True,False,False,False,False,False,True,False,False,False,True,False,False,False,False,False,False,False,True,False,False,False,-0.9000335070553279,1.827641567424142,1.7938227894866787,0.059159876663617626
0,2,0,30.0,1,0,24.0,0,24.0,3.2188758248682006,2,0,True,False,False,False,False,True,False,False,False,False,False,False,False,False,False,False,True,False,False,True,False,False,0.06412133279661097,-0.16999350511950675,0.26497567234198965,0.059159876663617626
1,1,1,30.0,0,0,56.9292,1,56.9292,4.0592215752427645,1,1,True,False,False,False,True,False,False,False,False,False,False,False,True,False,False,False,False,False,False,True,False,False,0.06412133279661097,0.6048065517804263,1.1326493972880125,-0.5609748304808925
1,1,1,24.0,0,0,83.1583,1,83.1583,4.432699549165613,1,1,True,False,False,False,True,False,False,False,False,False,True,False,False,False,False,False,False,False,False,True,False,False,-0.38087320867351465,1.2219581428434958,1.5182728441543658,-0.5609748304808925
1,1,1,18.0,2,2,262.375,1,249.00622000000035,5.5735788721243535,5,0,True,False,False,False,True,False,False,False,False,True,False,False,False,False,False,False,False,False,True,False,False,False,-0.8258677501436402,5.124238728242953,2.6962534687059603,1.9195639980971482
0,2,1,26.0,1,1,26.0,0,26.0,3.295836866004329,3,0,False,False,True,False,False,False,True,False,False,False,False,False,False,False,False,False,True,False,False,True,False,False,-0.23254169485013945,-0.12293496395240078,0.3444394801955362,0.6792945838081278
0,3,0,28.0,0,0,7.8958,0,7.8958,2.1855792552411137,1,1,False,False,True,False,False,True,False,False,False,False,False,False,False,False,False,False,True,False,False,True,False,False,-0.08421018102676424,-0.5489135844511608,-0.8019236166026618,-0.5609748304808925
0,2,0,43.0,1,1,26.25,0,26.25,3.305053521109253,3,0,False,False,True,False,False,True,False,False,False,False,False,False,False,False,False,False,True,False,False,False,True,False,1.0282761726485499,-0.11705264630651252,0.35395586016517094,0.6792945838081278
1,3,1,26.0,0,0,7.8542,0,7.8542,2.180891922715322,1,1,False,False,True,False,True,False,False,False,False,False,False,False,False,False,False,False,True,False,False,True,False,False,-0.23254169485013945,-0.5498924021074366,-0.806763380796033,-0.5609748304808925
1,2,1,24.0,1,0,26.0,0,26.0,3.295836866004329,2,0,False,False,True,False,False,False,True,False,False,False,False,False,False,False,False,False,True,False,False,True,False,False,-0.38087320867351465,-0.12293496395240078,0.3444394801955362,0.059159876663617626
0,2,0,54.0,0,0,14.0,0,14.0,2.70805020110221,1,1,False,False,True,False,False,False,False,True,False,False,False,False,False,False,False,False,True,False,False,False,True,False,1.8440994986771135,-0.40528621095503664,-0.2624619586252086,-0.5609748304808925
1,1,1,31.0,0,2,164.8667,1,164.8667,5.11118445372147,3,0,False,False,True,False,True,False,False,False,False,False,True,False,False,False,False,False,False,False,False,True,False,False,0.13828708970829856,3.144497195392677,2.218822021910339,0.6792945838081278
1,1,1,40.0,1,1,134.5,1,134.5,4.908971640319756,3,0,True,False,False,False,False,False,True,False,False,False,False,False,True,False,False,False,False,False,False,False,True,False,0.805778901913487,2.4299908943630983,2.010033264475824,0.6792945838081278
0,3,0,22.0,0,0,7.25,0,7.25,2.1102132003465894,1,1,False,False,True,False,False,True,False,False,False,False,False,False,False,False,False,False,True,False,False,True,False,False,-0.5292047224968899,-0.5641087873940193,-0.8797405693934278,-0.5609748304808925
0,3,0,27.0,0,0,7.8958,0,7.8958,2.1855792552411137,1,1,False,False,True,False,False,True,False,False,False,False,False,False,False,False,False,False,True,False,False,True,False,False,-0.15837593793845184,-0.5489135844511608,-0.8019236166026618,-0.5609748304808925
1,2,1,30.0,0,0,12.35,0,12.35,2.5915163848462583,1,1,False,True,False,False,True,False,False,False,False,False,False,False,False,False,False,False,True,False,False,True,False,False,0.06412133279661097,-0.4441095074178991,-0.38278544498532663,-0.5609748304808925
1,2,1,22.0,1,1,29.0,0,29.0,3.4011973816621555,3,0,False,False,True,False,False,False,True,False,False,False,False,False,False,False,False,False,True,False,False,True,False,False,-0.5292047224968899,-0.052347152201741805,0.4532263111425748,0.6792945838081278
0,3,0,26.0,8,2,69.55,0,69.55,4.256321678298823,11,0,False,False,True,False,False,True,False,False,False,False,False,False,False,False,False,False,True,False,False,True,False,False,-0.23254169485013945,0.9017647699613317,1.3361591794576348,5.64037224096421
1,1,1,36.0,0,0,135.6333,1,135.6333,4.91730069488021,1,1,True,False,False,False,True,False,False,False,False,False,True,False,False,False,False,False,False,False,False,False,True,False,0.5091158742667365,2.456656616715439,2.0186331792044068,-0.5609748304808925
0,3,0,61.0,0,0,6.2375,0,6.2375,1.9792758428991135,1,1,False,False,True,False,False,True,False,False,False,False,False,False,False,False,False,False,True,False,False,False,False,True,2.3632597970589266,-0.5879321738598666,-1.0149359989180027,-0.5609748304808925
1,2,1,36.0,0,0,13.0,1,13.0,2.6390573296152584,1,1,False,False,True,False,False,False,True,False,False,False,False,True,False,False,False,False,False,False,False,False,True,False,0.5091158742667365,-0.4288154815385896,-0.3336984726090336,-0.5609748304808925
1,3,1,31.0,1,1,20.525,0,20.525,3.0692150503137943,3,0,False,False,True,False,False,False,True,False,False,False,False,False,False,False,False,False,True,False,False,True,False,False,0.13828708970829856,-0.2517577203973534,0.11044794172866994,0.6792945838081278
1,1,1,16.0,0,1,57.9792,1,57.9792,4.077184839375167,2,0,True,False,False,False,True,False,False,False,False,True,False,False,False,False,False,False,False,False,True,False,False,False,-0.9741992639670155,0.6295122858931569,1.1511968252901217,0.059159876663617626
1,3,1,18.0,2,0,23.25,0,23.25,3.188416617383492,3,0,False,True,False,False,True,False,False,False,False,False,False,False,False,False,False,False,True,False,True,False,False,False,-0.8258677501436402,-0.1876404580571715,0.23352593393921808,0.6792945838081278
0,1,0,45.5,0,0,28.5,1,28.5,3.3843902633457743,1,1,False,False,True,False,False,True,False,False,False,False,True,False,False,False,False,False,False,False,False,False,True,False,1.2136905649277687,-0.0641117874935183,0.4358726267231761,-0.5609748304808925
0,1,0,38.0,0,1,153.4625,1,153.4625,5.039951348430309,2,0,False,False,True,False,False,True,False,False,False,False,True,False,False,False,False,False,False,False,False,False,True,False,0.6574473880901118,2.876164687803722,2.14527242190355,0.059159876663617626
0,3,0,16.0,2,0,18.0,0,18.0,2.9444389791664403,3,0,False,False,True,False,False,True,False,False,False,False,False,False,False,False,False,False,True,False,True,False,False,False,-0.9741992639670155,-0.3111691286208247,-0.01838583697289204,0.6792945838081278
1,1,1,40.0,1,0,133.65,0,133.65,4.902678819257608,2,0,False,False,True,False,False,False,True,False,False,False,False,False,False,False,False,False,True,False,False,False,True,False,0.805778901913487,2.4099910143670784,2.003535801391161,0.059159876663617626
0,3,0,26.0,0,0,7.8958,0,7.8958,2.1855792552411137,1,1,False,False,True,False,False,True,False,False,False,False,False,False,False,False,False,False,True,False,False,True,False,False,-0.23254169485013945,-0.5489135844511608,-0.8019236166026618,-0.5609748304808925
0,1,0,29.0,1,0,66.6,1,66.6,4.213607983048918,2,0,False,False,True,False,False,True,False,False,False,False,True,False,False,False,False,False,False,False,False,True,False,False,-0.010044424115076634,0.8323534217398503,1.2920564383571118,0.059159876663617626
1,1,1,41.0,0,0,134.5,1,134.5,4.908971640319756,1,1,True,False,False,False,True,False,False,False,False,False,False,False,True,False,False,False,False,False,False,False,True,False,0.8799446588251746,2.4299908943630983,2.010033264475824,-0.5609748304808925
1,3,0,45.0,0,0,8.05,0,8.05,2.2027647577118348,1,1,False,False,True,False,False,True,False,False,False,False,False,False,False,False,False,False,True,False,False,False,True,False,1.176607686471925,-0.5452853709271769,-0.7841792430073967,-0.5609748304808925
0,1,0,45.0,0,0,35.5,1,35.5,3.597312260588446,1,1,False,False,True,False,False,True,False,False,False,False,False,False,False,False,False,True,False,False,False,False,True,False,1.176607686471925,0.10059310659135261,0.6557188297748954,-0.5609748304808925
1,2,0,2.0,1,1,26.0,1,26.0,3.295836866004329,3,0,False,False,True,True,False,False,False,False,False,False,False,False,False,True,False,False,False,True,False,False,False,False,-2.012519860730642,-0.12293496395240078,0.3444394801955362,0.6792945838081278
1,1,1,24.0,3,2,263.0,1,249.00622000000035,5.575949103146316,6,0,False,False,True,False,True,False,False,False,False,False,True,False,False,False,False,False,False,False,False,True,False,False,-0.38087320867351465,5.124238728242953,2.6987007794454887,2.5396987052416584
0,2,0,28.0,0,0,13.0,0,13.0,2.6390573296152584,1,1,False,False,True,False,False,True,False,False,False,False,False,False,False,False,False,False,True,False,False,True,False,False,-0.08421018102676424,-0.4288154815385896,-0.3336984726090336,-0.5609748304808925
0,2,0,25.0,0,0,13.0,0,13.0,2.6390573296152584,1,1,False,False,True,False,False,True,False,False,False,False,False,False,False,False,False,False,True,False,False,True,False,False,-0.30670745176182707,-0.4288154815385896,-0.3336984726090336,-0.5609748304808925
0,2,0,36.0,0,0,13.0,0,13.0,2.6390573296152584,1,1,False,False,True,False,False,True,False,False,False,False,False,False,False,False,False,False,True,False,False,False,True,False,0.5091158742667365,-0.4288154815385896,-0.3336984726090336,-0.5609748304808925
1,2,1,24.0,0,0,13.0,1,13.0,2.6390573296152584,1,1,False,False,True,False,True,False,False,False,False,False,False,False,False,True,False,False,False,False,False,True,False,False,-0.38087320867351465,-0.4288154815385896,-0.3336984726090336,-0.5609748304808925
1,2,1,40.0,0,0,13.0,0,13.0,2.6390573296152584,1,1,False,False,True,False,True,False,False,False,False,False,False,False,False,False,False,False,True,False,False,False,True,False,0.805778901913487,-0.4288154815385896,-0.3336984726090336,-0.5609748304808925
1,3,1,31.0,1,0,16.1,0,16.1,2.8390784635086144,2,0,False,False,True,False,False,False,True,False,False,False,False,False,False,False,False,False,True,False,False,True,False,False,0.13828708970829856,-0.3558747427295753,-0.12717266791993012,0.059159876663617626
1,3,0,3.0,1,1,15.9,0,15.9,2.827313621929028,3,0,False,False,True,True,False,False,False,False,False,False,False,False,False,False,False,False,True,True,False,False,False,False,-1.9383541038189542,-0.36058059684628596,-0.13932010117845442,0.6792945838081278
0,3,0,42.0,0,0,8.6625,0,8.6625,2.2682524139135403,1,1,False,False,True,False,False,True,False,False,False,False,False,False,False,False,False,False,True,False,False,False,True,False,0.9541104157368622,-0.5308736926947507,-0.7165619336211217,-0.5609748304808925
0,3,0,23.0,0,0,9.225,0,9.225,2.3248357019288655,1,1,False,False,True,False,False,True,False,False,False,False,False,False,False,False,False,False,True,False,False,True,False,False,-0.45503896558520224,-0.5176384779915022,-0.658138561741074,-0.5609748304808925
0,1,0,40.0,0,0,35.0,1,35.0,3.58351893845611,1,1,False,False,True,False,False,True,False,False,False,False,True,False,False,False,False,False,False,False,False,False,True,False,0.805778901913487,0.08882847129957612,0.6414769499431594,-0.5609748304808925
0,3,0,15.0,1,1,7.2292,0,7.2292,2.1076888046179385,3,0,True,False,False,False,False,True,False,False,False,False,False,False,False,False,False,False,True,False,True,False,False,False,-1.048365020878703,-0.5645981962221572,-0.8823470582632056,0.6792945838081278
0,3,0,25.0,1,0,17.8,0,17.8,2.9338568698359038,2,0,False,False,True,False,False,True,False,False,False,False,False,False,False,False,False,False,True,False,False,True,False,False,-0.30670745176182707,-0.3158749827375353,-0.029312075627065143,0.059159876663617626
0,3,0,26.0,0,0,7.225,0,7.225,2.1071782966514356,1,1,True,False,False,False,False,True,False,False,False,False,False,False,False,False,False,False,True,False,False,True,False,False,-0.23254169485013945,-0.5646970191586081,-0.8828741679067217,-0.5609748304808925
0,3,0,28.0,0,0,9.5,0,9.5,2.3513752571634776,1,1,False,False,True,False,False,True,False,False,False,False,False,False,False,False,False,False,True,False,False,True,False,False,-0.08421018102676424,-0.5111679285810251,-0.6307359423566569,-0.5609748304808925
1,1,1,22.0,0,1,55.0,1,55.0,4.02535169073515,2,0,False,False,True,False,True,False,False,False,False,False,False,False,True,False,False,False,False,False,False,True,False,False,-0.5292047224968899,0.5594138829706359,1.0976780669265336,0.059159876663617626
0,2,1,38.0,0,0,13.0,0,13.0,2.6390573296152584,1,1,False,False,True,False,True,False,False,False,False,False,False,False,False,False,False,False,True,False,False,False,True,False,0.6574473880901118,-0.4288154815385896,-0.3336984726090336,-0.5609748304808925
1,3,1,18.0,0,0,7.8792,0,7.8792,2.1837114628556327,1,1,False,True,False,False,True,False,False,False,False,False,False,False,False,False,False,False,True,False,True,False,False,False,-0.8258677501436402,-0.5493041703428477,-0.8038521494426432,-0.5609748304808925
1,3,1,18.0,0,0,7.8792,0,7.8792,2.1837114628556327,1,1,False,True,False,False,True,False,False,False,False,False,False,False,False,False,False,False,True,False,True,False,False,False,-0.8258677501436402,-0.5493041703428477,-0.8038521494426432,-0.5609748304808925
0,3,0,40.0,1,4,27.9,0,27.9,3.3638415951183864,6,0,False,False,True,False,False,True,False,False,False,False,False,False,False,False,False,False,True,False,False,False,True,False,0.805778901913487,-0.07822934984365013,0.4146557174979072,2.5396987052416584
0,2,0,29.0,1,0,27.7208,0,27.7208,3.357621598945279,2,0,True,False,False,False,False,True,False,False,False,False,False,False,False,False,False,False,True,False,False,True,False,False,-0.010044424115076634,-0.08244579513222278,0.4082334475616762,0.059159876663617626
0,3,1,45.0,0,1,14.4542,0,14.4542,2.737880811060884,2,0,True,False,False,False,False,False,True,False,False,False,False,False,False,False,False,False,True,False,False,False,True,False,1.176607686471925,-0.3945992162559869,-0.23166125968823223,0.059159876663617626
0,3,0,35.0,0,0,7.05,0,7.05,2.085672091430472,1,1,False,False,True,False,False,True,False,False,False,False,False,False,False,False,False,False,True,False,False,True,False,False,0.43495011735504896,-0.5688146415107299,-0.9050797531497122,-0.5609748304808925
0,3,0,26.0,1,0,15.5,0,15.5,2.803360380906535,2,0,False,True,False,False,False,True,False,False,False,False,False,False,False,False,False,False,True,False,False,True,False,False,-0.23254169485013945,-0.36999230507970715,-0.16405229962564447,0.059159876663617626
0,3,0,30.0,0,0,7.25,0,7.25,2.1102132003465894,1,1,False,False,True,False,False,True,False,False,False,False,False,False,False,False,False,False,True,False,False,True,False,False,0.06412133279661097,-0.5641087873940193,-0.8797405693934278,-0.5609748304808925
1,1,1,60.0,1,0,75.25,1,75.25,4.334017415487521,2,0,True,False,False,False,False,False,True,False,False,False,False,True,False,False,False,False,False,False,False,False,True,False,2.2890940401472393,1.0358816122875838,1.4163815756188534,0.059159876663617626
1,3,1,31.0,0,0,7.2292,0,7.2292,2.1076888046179385,1,1,True,False,False,False,False,False,True,False,False,False,False,False,False,False,False,False,True,False,False,True,False,False,0.13828708970829856,-0.5645981962221572,-0.8823470582632056,-0.5609748304808925
1,3,1,18.0,0,0,7.75,0,7.75,2.169053700369523,1,1,False,True,False,False,True,False,False,False,False,False,False,False,False,False,False,False,True,False,True,False,False,False,-0.8258677501436402,-0.5523441521022427,-0.8189865811572414,-0.5609748304808925
1,1,1,24.0,0,0,69.3,1,69.3,4.252771798816619,1,1,True,False,False,False,False,False,True,False,False,True,False,False,False,False,False,False,False,False,False,True,False,False,-0.38087320867351465,0.8958824523154435,1.3324938581871215,-0.5609748304808925
1,1,0,25.0,1,0,55.4417,1,55.4417,4.0332082470129285,2,0,True,False,False,False,False,True,False,False,False,False,False,False,True,False,False,False,False,False,False,True,False,False,-0.30670745176182707,0.5698067617873912,1.1057901177672143,0.059159876663617626
0,3,0,18.0,1,0,6.4958,0,6.4958,2.0143428636837015,2,0,False,False,True,False,False,True,False,False,False,False,False,False,False,False,False,False,True,False,True,False,False,False,-0.8258677501436402,-0.581854563268135,-0.9787286015064478,0.059159876663617626
0,3,0,19.0,0,0,8.05,0,8.05,2.2027647577118348,1,1,False,False,True,False,False,True,False,False,False,False,False,False,False,False,False,False,True,False,False,True,False,False,-0.7517019932319526,-0.5452853709271769,-0.7841792430073967,-0.5609748304808925
0,1,0,22.0,0,0,135.6333,0,135.6333,4.91730069488021,1,1,True,False,False,False,False,True,False,False,False,False,False,False,False,False,False,False,True,False,False,True,False,False,-0.5292047224968899,2.456656616715439,2.0186331792044068,-0.5609748304808925
0,3,1,3.0,3,1,21.075,0,21.075,3.0944457464900235,5,0,False,False,True,False,True,False,False,False,False,False,False,False,False,False,False,False,True,True,False,False,False,False,-1.9383541038189542,-0.23881662157639924,0.1364991380659541,1.9195639980971482
1,1,1,40.0,1,0,82.1708,0,82.1708,4.420896324687287,2,0,True,False,False,False,False,False,True,False,False,False,False,False,False,False,False,False,True,False,False,False,True,False,0.805778901913487,1.1987229881422372,1.5060857797883969,0.059159876663617626
1,3,1,22.0,0,0,7.25,0,7.25,2.1102132003465894,1,1,False,False,True,False,True,False,False,False,False,False,False,False,False,False,False,False,True,False,False,True,False,False,-0.5292047224968899,-0.5641087873940193,-0.8797405693934278,-0.5609748304808925
0,1,0,27.0,0,2,211.5,1,211.5,5.358941988364472,3,0,True,False,False,False,False,True,False,False,False,False,True,False,False,False,False,False,False,False,False,True,False,False,-0.15837593793845184,4.241744729296679,2.4746366111687697,0.6792945838081278
0,3,0,20.0,0,0,4.0125,0,4.0125,1.6119347926326877,1,1,True,False,False,False,False,True,False,False,False,False,False,False,False,False,False,False,True,False,False,True,False,False,-0.677536236320265,-0.6402848009082721,-1.3942229498762084,-0.5609748304808925
0,3,0,19.0,0,0,7.775,0,7.775,2.1719067693519296,1,1,False,False,True,False,False,True,False,False,False,False,False,False,False,False,False,False,True,False,False,True,False,False,-0.7517019932319526,-0.551755920337654,-0.8160407306065733,-0.5609748304808925
1,1,1,42.0,0,0,227.525,0,227.525,5.4316456135398825,1,1,True,False,False,False,True,False,False,False,False,False,False,False,False,False,False,False,True,False,False,False,True,False,0.9541104157368622,4.618801290398115,2.5497045522452972,-0.5609748304808925
1,3,1,1.0,0,2,15.7417,0,15.7417,2.817902613071225,3,0,True,False,False,False,True,False,False,False,False,False,False,False,False,False,False,False,True,True,False,False,False,False,-2.0866856176423294,-0.36430528037966237,-0.14903715526900022,0.6792945838081278
0,3,0,32.0,0,0,7.925,0,7.925,2.188856327665703,1,1,False,False,True,False,False,True,False,False,False,False,False,False,False,False,False,False,True,False,False,True,False,False,0.21245284661998617,-0.548226529750121,-0.798539974052802,-0.5609748304808925
1,1,1,35.0,1,0,52.0,0,52.0,3.970291913552122,2,0,False,False,True,False,False,False,True,False,False,False,False,False,False,False,False,False,True,False,False,True,False,False,0.43495011735504896,0.4888260712199769,1.0408277503255374,0.059159876663617626
0,3,0,26.0,0,0,7.8958,0,7.8958,2.1855792552411137,1,1,False,False,True,False,False,True,False,False,False,False,False,False,False,False,False,False,True,False,False,True,False,False,-0.23254169485013945,-0.5489135844511608,-0.8019236166026618,-0.5609748304808925
0,2,0,18.0,0,0,73.5,0,73.5,4.310799125385514,1,1,False,False,True,False,False,True,False,False,False,False,False,False,False,False,False,False,True,False,True,False,False,False,-0.8258677501436402,0.994705388766366,1.3924082286355355,-0.5609748304808925
0,3,0,1.0,5,2,46.9,0,46.9,3.8691155044168695,8,0,False,False,True,True,False,False,False,False,False,False,False,False,False,False,False,False,True,True,False,False,False,False,-2.0866856176423294,0.36882679124385664,0.936361092700485,3.779968119530679
1,2,1,36.0,0,0,13.0,0,13.0,2.6390573296152584,1,1,False,False,True,False,True,False,False,False,False,False,False,False,False,False,False,False,True,False,False,False,True,False,0.5091158742667365,-0.4288154815385896,-0.3336984726090336,-0.5609748304808925
0,3,0,26.0,0,0,7.7292,0,7.7292,2.1666737276227077,1,1,False,True,False,False,False,True,False,False,False,False,False,False,False,False,False,False,True,False,False,True,False,False,-0.23254169485013945,-0.5528335609303807,-0.8214439504217126,-0.5609748304808925
1,2,1,17.0,0,0,12.0,0,12.0,2.5649493574615367,1,1,True,False,False,False,True,False,False,False,False,False,False,False,False,False,False,False,True,False,True,False,False,False,-0.9000335070553279,-0.4523447521221426,-0.4102164299119116,-0.5609748304808925
1,1,0,36.0,1,2,120.0,1,120.0,4.795790545596741,4,0,False,False,True,False,False,True,False,False,False,True,False,False,False,False,False,False,False,False,False,False,True,False,0.5091158742667365,2.08881647090158,1.8931715298766851,1.299429290952638
1,3,0,21.0,0,0,7.7958,0,7.7958,2.174274334826008,1,1,False,False,True,False,False,True,False,False,False,False,False,False,False,False,False,False,True,False,False,True,False,False,-0.6033704794085775,-0.5512665115095161,-0.8135961720983267,-0.5609748304808925
0,3,0,28.0,2,0,7.925,0,7.925,2.188856327665703,3,0,False,False,True,False,False,True,False,False,False,False,False,False,False,False,False,False,True,False,False,True,False,False,-0.08421018102676424,-0.548226529750121,-0.798539974052802,0.6792945838081278
1,1,1,23.0,1,0,113.275,1,113.275,4.738607824217808,2,0,True,False,False,False,True,False,False,False,False,False,False,True,False,False,False,False,False,False,False,True,False,False,-0.45503896558520224,1.9305821262271863,1.834129231109428,0.059159876663617626
1,3,1,24.0,0,2,16.7,1,16.7,2.8735646395797834,3,0,False,False,True,False,False,False,True,False,False,False,False,False,False,False,True,False,False,False,False,True,False,False,-0.38087320867351465,-0.3417571803794436,-0.09156500424402261,0.6792945838081278
0,3,0,22.0,0,0,7.7958,0,7.7958,2.174274334826008,1,1,False,False,True,False,False,True,False,False,False,False,False,False,False,False,False,False,True,False,False,True,False,False,-0.5292047224968899,-0.5512665115095161,-0.8135961720983267,-0.5609748304808925
0,3,1,31.0,0,0,7.8542,0,7.8542,2.180891922715322,1,1,False,False,True,False,True,False,False,False,False,False,False,False,False,False,False,False,True,False,False,True,False,False,0.13828708970829856,-0.5498924021074366,-0.806763380796033,-0.5609748304808925
0,2,0,46.0,0,0,26.0,0,26.0,3.295836866004329,1,1,False,False,True,False,False,True,False,False,False,False,False,False,False,False,False,False,True,False,False,False,True,False,1.2507734433836126,-0.12293496395240078,0.3444394801955362,-0.5609748304808925
0,2,0,23.0,0,0,10.5,0,10.5,2.4423470353692043,1,1,False,False,True,False,False,False,False,True,False,False,False,False,False,False,False,False,True,False,False,True,False,False,-0.45503896558520224,-0.4876386579974721,-0.5368057694182641,-0.5609748304808925
1,2,1,28.0,0,0,12.65,0,12.65,2.613739521630969,1,1,False,False,True,False,False,False,True,False,False,False,False,False,False,False,False,False,True,False,False,True,False,False,-0.08421018102676424,-0.4370507262428331,-0.35983961362319966,-0.5609748304808925
1,3,0,39.0,0,0,7.925,0,7.925,2.188856327665703,1,1,False,False,True,False,False,True,False,False,False,False,False,False,False,False,False,False,True,False,False,False,True,False,0.7316131450017994,-0.548226529750121,-0.798539974052802,-0.5609748304808925
0,3,0,26.0,0,0,8.05,0,8.05,2.2027647577118348,1,1,False,False,True,False,False,True,False,False,False,False,False,False,False,False,False,False,True,False,False,True,False,False,-0.23254169485013945,-0.5452853709271769,-0.7841792430073967,-0.5609748304808925
0,3,1,21.0,1,0,9.825,0,9.825,2.3818582738885534,2,0,False,False,True,False,True,False,False,False,False,False,False,False,False,False,False,False,True,False,False,True,False,False,-0.6033704794085775,-0.5035209156413704,-0.5992616204389827,0.059159876663617626
0,3,0,28.0,1,0,15.85,0,15.85,2.8243506567983707,2,0,False,False,True,False,False,True,False,False,False,False,False,False,False,False,False,False,True,False,False,True,False,False,-0.08421018102676424,-0.3617570603754636,-0.1423794216910609,0.059159876663617626
0,3,1,20.0,0,0,8.6625,0,8.6625,2.2682524139135403,1,1,False,False,True,False,True,False,False,False,False,False,False,False,False,False,False,False,True,False,False,True,False,False,-0.677536236320265,-0.5308736926947507,-0.7165619336211217,-0.5609748304808925
0,2,0,34.0,1,0,21.0,0,21.0,3.091042453358316,2,0,False,False,True,False,False,True,False,False,False,False,False,False,False,False,False,False,True,False,False,True,False,False,0.3607843604433614,-0.2405813168701657,0.1329851701219792,0.059159876663617626
0,3,0,51.0,0,0,7.75,0,7.75,2.169053700369523,1,1,False,False,True,False,False,True,False,False,False,False,False,False,False,False,False,False,True,False,False,False,True,False,1.6216022279420506,-0.5523441521022427,-0.8189865811572414,-0.5609748304808925
1,2,0,3.0,1,1,18.75,0,18.75,2.9831534913471307,3,0,False,False,True,True,False,False,False,False,False,False,False,False,False,False,False,False,True,True,False,False,False,False,-1.9383541038189542,-0.2935221756831599,0.021587667954472933,0.6792945838081278
0,3,0,21.0,0,0,7.775,0,7.775,2.1719067693519296,1,1,False,False,True,False,False,True,False,False,False,False,False,False,False,False,False,False,True,False,False,True,False,False,-0.6033704794085775,-0.551755920337654,-0.8160407306065733,-0.5609748304808925
0,3,1,18.0,3,1,25.4667,0,25.4667,3.275887339030031,5,0,False,False,True,False,True,False,False,False,False,False,False,False,False,False,False,False,True,False,True,False,False,False,-0.8258677501436402,-0.1354831239546096,0.32384119624754826,1.9195639980971482
0,3,0,26.0,0,0,7.8958,0,7.8958,2.1855792552411137,1,1,False,False,True,False,False,True,False,False,False,False,False,False,False,False,False,False,True,False,False,True,False,False,-0.23254169485013945,-0.5489135844511608,-0.8019236166026618,-0.5609748304808925
0,3,0,26.0,0,0,6.8583,0,6.8583,2.061570298060867,1,1,False,True,False,False,False,True,False,False,False,False,False,False,False,False,False,False,True,False,False,True,False,False,-0.23254169485013945,-0.573325202681597,-0.9299653348541039,-0.5609748304808925
1,1,1,33.0,1,0,90.0,1,90.0,4.51085950651685,2,0,False,True,False,False,True,False,False,False,False,False,True,False,False,False,False,False,False,False,False,True,False,False,0.2866186035316738,1.3829383533949904,1.5989745568795648,0.059159876663617626
0,2,0,31.0,0,0,0.0,0,0.0,0.0,1,1,False,False,True,False,False,True,False,False,False,False,False,False,False,False,False,False,True,False,False,True,False,False,0.13828708970829856,-0.7346959991247785,-3.0585777291682934,-0.5609748304808925
1,3,0,44.0,0,0,7.925,0,7.925,2.188856327665703,1,1,False,False,True,False,False,True,False,False,False,False,False,False,False,False,False,False,True,False,False,False,True,False,1.1024419295602375,-0.548226529750121,-0.798539974052802,-0.5609748304808925
0,3,1,31.0,0,0,8.05,0,8.05,2.2027647577118348,1,1,False,False,True,False,False,False,True,False,False,False,False,False,False,False,False,False,True,False,False,True,False,False,0.13828708970829856,-0.5452853709271769,-0.7841792430073967,-0.5609748304808925
1,2,1,34.0,1,1,32.5,0,32.5,3.5115454388310208,3,0,False,False,True,False,False,False,True,False,False,False,False,False,False,False,False,False,True,False,False,True,False,False,0.3607843604433614,0.03000529484069365,0.5671628780396996,0.6792945838081278
1,2,1,18.0,0,2,13.0,0,13.0,2.6390573296152584,3,0,False,False,True,False,True,False,False,False,False,False,False,False,False,False,False,False,True,False,True,False,False,False,-0.8258677501436402,-0.4288154815385896,-0.3336984726090336,0.6792945838081278
0,2,0,30.0,0,0,13.0,0,13.0,2.6390573296152584,1,1,False,False,True,False,False,True,False,False,False,False,False,False,False,False,False,False,True,False,False,True,False,False,0.06412133279661097,-0.4288154815385896,-0.3336984726090336,-0.5609748304808925
0,3,1,10.0,0,2,24.15,0,24.15,3.224857896545748,3,0,False,False,True,False,True,False,False,False,False,False,False,False,False,False,False,False,True,True,False,False,False,False,-1.4191938054371411,-0.16646411453197382,0.2711522804976662,0.6792945838081278
0,3,0,26.0,0,0,7.8958,0,7.8958,2.1855792552411137,1,1,True,False,False,False,False,True,False,False,False,False,False,False,False,False,False,False,True,False,False,True,False,False,-0.23254169485013945,-0.5489135844511608,-0.8019236166026618,-0.5609748304808925
0,3,0,21.0,0,0,7.7333,0,7.7333,2.167143305297764,1,1,False,True,False,False,False,True,False,False,False,False,False,False,False,False,False,False,True,False,False,True,False,False,-0.6033704794085775,-0.5527370909209881,-0.8209591021193487,-0.5609748304808925
0,3,0,29.0,0,0,7.875,0,7.875,2.1832383353614797,1,1,False,False,True,False,False,True,False,False,False,False,False,False,False,False,False,False,True,False,False,True,False,False,-0.010044424115076634,-0.5494029932792986,-0.804340663003928,-0.5609748304808925
0,3,1,28.0,1,1,14.4,0,14.4,2.7343675094195836,3,0,False,False,True,False,False,False,True,False,False,False,False,False,False,False,False,False,True,False,False,True,False,False,-0.08421018102676424,-0.3958745027216154,-0.23528881360946907,0.6792945838081278
0,3,0,18.0,1,1,20.2125,0,20.2125,3.0545906305603445,3,0,False,False,True,False,False,True,False,False,False,False,False,False,False,False,False,False,True,False,True,False,False,False,-0.8258677501436402,-0.2591106174547137,0.09534793704965058,0.6792945838081278
0,3,0,26.0,0,0,7.25,0,7.25,2.1102132003465894,1,1,False,False,True,False,False,True,False,False,False,False,False,False,False,False,False,False,True,False,False,True,False,False,-0.23254169485013945,-0.5641087873940193,-0.8797405693934278,-0.5609748304808925
1,2,1,28.0,1,0,26.0,0,26.0,3.295836866004329,2,0,False,False,True,False,False,False,True,False,False,False,False,False,False,False,False,False,True,False,False,True,False,False,-0.08421018102676424,-0.12293496395240078,0.3444394801955362,0.059159876663617626
1,2,1,19.0,0,0,26.0,0,26.0,3.295836866004329,1,1,False,False,True,False,True,False,False,False,False,False,False,False,False,False,False,False,True,False,False,True,False,False,-0.7517019932319526,-0.12293496395240078,0.3444394801955362,-0.5609748304808925
0,3,0,26.0,0,0,7.75,0,7.75,2.169053700369523,1,1,False,True,False,False,False,True,False,False,False,False,False,False,False,False,False,False,True,False,False,True,False,False,-0.23254169485013945,-0.5523441521022427,-0.8189865811572414,-0.5609748304808925
1,3,0,32.0,0,0,8.05,1,8.05,2.2027647577118348,1,1,False,False,True,False,False,True,False,False,False,False,False,False,True,False,False,False,False,False,False,True,False,False,0.21245284661998617,-0.5452853709271769,-0.7841792430073967,-0.5609748304808925
1,1,0,28.0,0,0,26.55,1,26.55,3.3160025355989236,1,1,False,False,True,False,False,True,False,False,False,False,True,False,False,False,False,False,False,False,False,True,False,False,-0.08421018102676424,-0.10999386513144661,0.36526093570402607,-0.5609748304808925
1,3,1,31.0,1,0,16.1,0,16.1,2.8390784635086144,2,0,False,False,True,False,False,False,True,False,False,False,False,False,False,False,False,False,True,False,False,True,False,False,0.13828708970829856,-0.3558747427295753,-0.12717266791993012,0.059159876663617626
1,2,1,42.0,1,0,26.0,0,26.0,3.295836866004329,2,0,False,False,True,False,False,False,True,False,False,False,False,False,False,False,False,False,True,False,False,False,True,False,0.9541104157368622,-0.12293496395240078,0.3444394801955362,0.059159876663617626
0,3,0,17.0,0,0,7.125,0,7.125,2.094945728215801,1,1,False,False,True,False,False,True,False,False,False,False,False,False,False,False,False,False,True,False,True,False,False,False,-0.9000335070553279,-0.5670499462169634,-0.8955045384601199,-0.5609748304808925
0,1,0,50.0,1,0,55.9,1,55.9,4.041295341132285,2,0,False,False,True,False,False,True,False,False,False,False,False,False,True,False,False,False,False,False,False,False,True,False,1.547436471030363,0.5805902264958336,1.1141402035210881,0.059159876663617626
1,1,1,14.0,1,2,120.0,1,120.0,4.795790545596741,4,0,False,False,True,False,True,False,False,False,False,True,False,False,False,False,False,False,False,False,True,False,False,False,-1.1225307777903908,2.08881647090158,1.8931715298766851,1.299429290952638
0,3,1,21.0,2,2,34.375,0,34.375,3.5660053559634015,5,0,False,False,True,False,True,False,False,False,False,False,False,False,False,False,False,False,True,False,False,True,False,False,-0.6033704794085775,0.0741226771848555,0.6233938271906204,1.9195639980971482
1,2,1,24.0,2,3,18.75,0,18.75,2.9831534913471307,6,0,False,False,True,False,False,False,True,False,False,False,False,False,False,False,False,False,True,False,False,True,False,False,-0.38087320867351465,-0.2935221756831599,0.021587667954472933,2.5396987052416584
0,1,0,64.0,1,4,263.0,1,249.00622000000035,5.575949103146316,6,0,False,False,True,False,False,True,False,False,False,False,True,False,False,False,False,False,False,False,False,False,False,True,2.585757067793989,5.124238728242953,2.6987007794454887,2.5396987052416584
0,2,0,31.0,0,0,10.5,0,10.5,2.4423470353692043,1,1,False,False,True,False,False,True,False,False,False,False,False,False,False,False,False,False,True,False,False,True,False,False,0.13828708970829856,-0.4876386579974721,-0.5368057694182641,-0.5609748304808925
1,2,1,45.0,1,1,26.25,0,26.25,3.305053521109253,3,0,False,False,True,False,False,False,True,False,False,False,False,False,False,False,False,False,True,False,False,False,True,False,1.176607686471925,-0.11705264630651252,0.35395586016517094,0.6792945838081278
0,3,0,20.0,0,0,9.5,0,9.5,2.3513752571634776,1,1,False,False,True,False,False,True,False,False,False,False,False,False,False,False,False,False,True,False,False,True,False,False,-0.677536236320265,-0.5111679285810251,-0.6307359423566569,-0.5609748304808925
0,3,0,25.0,1,0,7.775,0,7.775,2.1719067693519296,2,0,False,False,True,False,False,True,False,False,False,False,False,False,False,False,False,False,True,False,False,True,False,False,-0.30670745176182707,-0.551755920337654,-0.8160407306065733,0.059159876663617626
1,2,1,28.0,0,0,13.0,0,13.0,2.6390573296152584,1,1,False,False,True,False,True,False,False,False,False,False,False,False,False,False,False,False,True,False,False,True,False,False,-0.08421018102676424,-0.4288154815385896,-0.3336984726090336,-0.5609748304808925
1,3,0,26.0,0,0,8.1125,0,8.1125,2.2096470973347766,1,1,False,False,True,False,False,True,False,False,False,False,False,False,False,False,False,False,True,False,False,True,False,False,-0.23254169485013945,-0.5438147915157048,-0.7770730902669089,-0.5609748304808925
1,1,0,4.0,0,2,81.8583,1,81.8583,4.417131919904876,3,0,False,False,True,True,False,False,False,False,True,False,False,False,False,False,False,False,False,True,False,False,False,False,-1.8641883469072666,1.191370091084877,1.5021989568725875,0.6792945838081278
1,2,1,13.0,0,1,19.5,0,19.5,3.0204248861443626,2,0,False,False,True,False,True,False,False,False,False,False,False,False,False,False,False,False,True,False,True,False,False,False,-1.1966965347020784,-0.2758752227454952,0.06007112543995847,0.059159876663617626
1,1,0,34.0,0,0,26.55,0,26.55,3.3160025355989236,1,1,False,False,True,False,False,True,False,False,False,False,False,False,False,False,False,False,True,False,False,True,False,False,0.3607843604433614,-0.10999386513144661,0.36526093570402607,-0.5609748304808925
1,3,1,5.0,2,1,19.2583,0,19.2583,3.0085645861193133,4,0,True,False,False,False,True,False,False,False,False,False,False,False,False,False,False,False,True,True,False,False,False,False,-1.790022589995579,-0.28156224744554,0.047825129435189045,1.299429290952638
1,1,0,52.0,0,0,30.5,1,30.5,3.449987545831587,1,1,False,False,True,False,False,False,False,True,False,False,True,False,False,False,False,False,False,False,False,False,True,False,1.6957679848537381,-0.017053246326412325,0.5036031274312862,-0.5609748304808925
0,2,0,36.0,1,2,27.75,0,27.75,3.3586377672433594,4,0,False,False,True,False,False,True,False,False,False,False,False,False,False,False,False,False,True,False,False,False,True,False,0.5091158742667365,-0.08175874043118304,0.40928266156909443,1.299429290952638
0,3,0,26.0,1,0,19.9667,0,19.9667,3.0429354648621407,2,0,False,False,True,False,False,True,False,False,False,False,False,False,False,False,False,False,True,False,False,True,False,False,-0.23254169485013945,-0.26489411216415104,0.0833137463231359,0.059159876663617626
0,1,0,30.0,0,0,27.75,1,27.75,3.3586377672433594,1,1,True,False,False,False,False,True,False,False,False,False,True,False,False,False,False,False,False,False,False,True,False,False,0.06412133279661097,-0.08175874043118304,0.40928266156909443,-0.5609748304808925
1,1,0,49.0,1,0,89.1042,1,89.1042,4.500966778400217,2,0,True,False,False,False,False,True,False,False,False,False,True,False,False,False,False,False,False,False,False,False,True,False,1.4732707141186754,1.3618608328062438,1.588760118059578,0.059159876663617626
0,3,0,26.0,0,0,8.05,0,8.05,2.2027647577118348,1,1,False,False,True,False,False,True,False,False,False,False,False,False,False,False,False,False,True,False,False,True,False,False,-0.23254169485013945,-0.5452853709271769,-0.7841792430073967,-0.5609748304808925
1,3,0,29.0,0,0,7.8958,0,7.8958,2.1855792552411137,1,1,True,False,False,False,False,True,False,False,False,False,False,False,False,False,False,False,True,False,False,True,False,False,-0.010044424115076634,-0.5489135844511608,-0.8019236166026618,-0.5609748304808925
0,1,0,65.0,0,0,26.55,1,26.55,3.3160025355989236,1,1,False,False,True,False,False,True,False,False,False,False,False,False,True,False,False,False,False,False,False,False,False,True,2.659922824705677,-0.10999386513144661,0.36526093570402607,-0.5609748304808925
1,1,1,40.0,1,0,51.8625,1,51.8625,3.967694202798607,2,0,False,False,True,False,False,False,True,False,False,False,False,True,False,False,False,False,False,False,False,False,True,False,0.805778901913487,0.4855907965147383,1.038145562232327,0.059159876663617626
1,2,1,50.0,0,0,10.5,0,10.5,2.4423470353692043,1,1,False,False,True,False,True,False,False,False,False,False,False,False,False,False,False,False,True,False,False,False,True,False,1.547436471030363,-0.4876386579974721,-0.5368057694182641,-0.5609748304808925
0,3,0,26.0,0,0,7.75,0,7.75,2.169053700369523,1,1,False,True,False,False,False,True,False,False,False,False,False,False,False,False,False,False,True,False,False,True,False,False,-0.23254169485013945,-0.5523441521022427,-0.8189865811572414,-0.5609748304808925
1,1,0,48.0,0,0,26.55,1,26.55,3.3160025355989236,1,1,False,False,True,False,False,True,False,False,False,False,False,False,True,False,False,False,False,False,False,False,True,False,1.3991049572069878,-0.10999386513144661,0.36526093570402607,-0.5609748304808925
0,3,0,34.0,0,0,8.05,0,8.05,2.2027647577118348,1,1,False,False,True,False,False,True,False,False,False,False,False,False,False,False,False,False,True,False,False,True,False,False,0.3607843604433614,-0.5452853709271769,-0.7841792430073967,-0.5609748304808925
0,1,0,47.0,0,0,38.5,1,38.5,3.676300671907076,1,1,False,False,True,False,False,True,False,False,False,False,False,False,True,False,False,False,False,False,False,False,True,False,1.3249392002953002,0.17118091834201157,0.7372759377222563,-0.5609748304808925
0,2,0,48.0,0,0,13.0,0,13.0,2.6390573296152584,1,1,False,False,True,False,False,True,False,False,False,False,False,False,False,False,False,False,True,False,False,False,True,False,1.3991049572069878,-0.4288154815385896,-0.3336984726090336,-0.5609748304808925
0,3,0,26.0,0,0,8.05,0,8.05,2.2027647577118348,1,1,False,False,True,False,False,True,False,False,False,False,False,False,False,False,False,False,True,False,False,True,False,False,-0.23254169485013945,-0.5452853709271769,-0.7841792430073967,-0.5609748304808925
0,3,0,38.0,0,0,7.05,0,7.05,2.085672091430472,1,1,False,False,True,False,False,True,False,False,False,False,False,False,False,False,False,False,True,False,False,False,True,False,0.6574473880901118,-0.5688146415107299,-0.9050797531497122,-0.5609748304808925
0,2,0,31.0,0,0,0.0,0,0.0,0.0,1,1,False,False,True,False,False,True,False,False,False,False,False,False,False,False,False,False,True,False,False,True,False,False,0.13828708970829856,-0.7346959991247785,-3.0585777291682934,-0.5609748304808925
0,1,0,56.0,0,0,26.55,0,26.55,3.3160025355989236,1,1,False,False,True,False,False,True,False,False,False,False,False,False,False,False,False,False,True,False,False,False,True,False,1.9924310125004887,-0.10999386513144661,0.36526093570402607,-0.5609748304808925
0,3,0,26.0,0,0,7.725,0,7.725,2.1661924680884908,1,1,False,True,False,False,False,True,False,False,False,False,False,False,False,False,False,False,True,False,False,True,False,False,-0.23254169485013945,-0.5529323838668316,-0.8219408604763344,-0.5609748304808925
1,3,1,0.75,2,1,19.2583,0,19.2583,3.0085645861193133,4,0,True,False,False,False,True,False,False,False,False,False,False,False,False,False,False,False,True,True,False,False,False,False,-2.1052270568702514,-0.28156224744554,0.047825129435189045,1.299429290952638
0,3,0,26.0,0,0,7.25,0,7.25,2.1102132003465894,1,1,False,False,True,False,False,True,False,False,False,False,False,False,False,False,False,False,True,False,False,True,False,False,-0.23254169485013945,-0.5641087873940193,-0.8797405693934278,-0.5609748304808925
0,3,0,38.0,0,0,8.6625,0,8.6625,2.2682524139135403,1,1,False,False,True,False,False,True,False,False,False,False,False,False,False,False,False,False,True,False,False,False,True,False,0.6574473880901118,-0.5308736926947507,-0.7165619336211217,-0.5609748304808925
1,2,1,33.0,1,2,27.75,0,27.75,3.3586377672433594,4,0,False,False,True,False,False,False,True,False,False,False,False,False,False,False,False,False,True,False,False,True,False,False,0.2866186035316738,-0.08175874043118304,0.40928266156909443,1.299429290952638
1,2,1,23.0,0,0,13.7917,1,13.7917,2.694066212646058,1,1,True,False,False,False,False,False,True,False,False,False,False,True,False,False,False,False,False,False,False,True,False,False,-0.45503896558520224,-0.41018735801759065,-0.2769007052339032,-0.5609748304808925
0,3,1,22.0,0,0,9.8375,0,9.8375,2.3830123421066602,1,1,False,False,True,False,True,False,False,False,False,False,False,False,False,False,False,False,True,False,False,True,False,False,-0.5292047224968899,-0.5032267997590759,-0.5980700220174994,-0.5609748304808925
0,1,0,40.0,0,0,52.0,1,52.0,3.970291913552122,1,1,False,False,True,False,False,True,False,False,True,False,False,False,False,False,False,False,False,False,False,False,True,False,0.805778901913487,0.4888260712199769,1.0408277503255374,-0.5609748304808925
0,2,0,34.0,1,0,21.0,0,21.0,3.091042453358316,2,0,False,False,True,False,False,True,False,False,False,False,False,False,False,False,False,False,True,False,False,True,False,False,0.3607843604433614,-0.2405813168701657,0.1329851701219792,0.059159876663617626
0,3,0,29.0,1,0,7.0458,0,7.0458,2.0851502161468174,2,0,False,False,True,False,False,True,False,False,False,False,False,False,False,False,False,False,True,False,False,True,False,False,-0.010044424115076634,-0.5689134644471808,-0.9056185997745971,0.059159876663617626
0,3,0,22.0,0,0,7.5208,0,7.5208,2.142510233146819,1,1,False,False,True,False,False,True,False,False,False,False,False,False,False,False,False,False,True,False,False,True,False,False,-0.5292047224968899,-0.5577370609199931,-0.8463932397472813,-0.5609748304808925
1,3,1,2.0,0,1,12.2875,0,12.2875,2.586823743668066,2,0,False,False,True,False,True,False,False,False,False,False,False,False,False,False,False,False,True,True,False,False,False,False,-2.012519860730642,-0.44558008682937117,-0.38763069046803694,0.059159876663617626
0,3,0,9.0,5,2,46.9,0,46.9,3.8691155044168695,8,0,False,False,True,True,False,False,False,False,False,False,False,False,False,False,False,False,True,True,False,False,False,False,-1.4933595623488287,0.36882679124385664,0.936361092700485,3.779968119530679
0,2,0,31.0,0,0,0.0,0,0.0,0.0,1,1,False,False,True,False,False,True,False,False,False,False,False,False,False,False,False,False,True,False,False,True,False,False,0.13828708970829856,-0.7346959991247785,-3.0585777291682934,-0.5609748304808925
0,3,0,50.0,0,0,8.05,0,8.05,2.2027647577118348,1,1,False,False,True,False,False,True,False,False,False,False,False,False,False,False,False,False,True,False,False,False,True,False,1.547436471030363,-0.5452853709271769,-0.7841792430073967,-0.5609748304808925
1,3,1,63.0,0,0,9.5875,0,9.5875,2.3596740599781727,1,1,False,False,True,False,False,False,True,False,False,False,False,False,False,False,False,False,True,False,False,False,False,True,2.511591310882302,-0.5091091174049641,-0.6221672631581132,-0.5609748304808925
1,1,0,25.0,1,0,91.0792,1,91.0792,4.5226490762785785,2,0,True,False,False,False,False,True,False,False,False,True,False,False,False,False,False,False,False,False,False,True,False,False,-0.30670745176182707,1.4083311422087608,1.6111475224786775,0.059159876663617626
0,3,1,18.0,3,1,25.4667,0,25.4667,3.275887339030031,5,0,False,False,True,False,True,False,False,False,False,False,False,False,False,False,False,False,True,False,True,False,False,False,-0.8258677501436402,-0.1354831239546096,0.32384119624754826,1.9195639980971482
1,1,1,35.0,1,0,90.0,1,90.0,4.51085950651685,2,0,False,False,True,False,False,False,True,False,False,False,True,False,False,False,False,False,False,False,False,True,False,False,0.43495011735504896,1.3829383533949904,1.5989745568795648,0.059159876663617626
0,1,0,58.0,0,0,29.7,1,29.7,3.4242626545931514,1,1,True,False,False,False,False,True,False,False,False,True,False,False,False,False,False,False,False,False,False,False,True,False,2.1407625263238637,-0.03587666279325473,0.4770416648490861,-0.5609748304808925
0,3,0,30.0,0,0,8.05,0,8.05,2.2027647577118348,1,1,False,False,True,False,False,True,False,False,False,False,False,False,False,False,False,False,True,False,False,True,False,False,0.06412133279661097,-0.5452853709271769,-0.7841792430073967,-0.5609748304808925
1,3,0,9.0,1,1,15.9,0,15.9,2.827313621929028,3,0,False,False,True,True,False,False,False,False,False,False,False,False,False,False,False,False,True,True,False,False,False,False,-1.4933595623488287,-0.36058059684628596,-0.13932010117845442,0.6792945838081278
0,3,0,26.0,1,0,19.9667,0,19.9667,3.0429354648621407,2,0,False,False,True,False,False,True,False,False,False,False,False,False,False,False,False,False,True,False,False,True,False,False,-0.23254169485013945,-0.26489411216415104,0.0833137463231359,0.059159876663617626
0,3,0,21.0,0,0,7.25,0,7.25,2.1102132003465894,1,1,False,False,True,False,False,True,False,False,False,False,False,False,False,False,False,False,True,False,False,True,False,False,-0.6033704794085775,-0.5641087873940193,-0.8797405693934278,-0.5609748304808925
0,1,0,55.0,0,0,30.5,1,30.5,3.449987545831587,1,1,False,False,True,False,False,True,False,False,False,False,True,False,False,False,False,False,False,False,False,False,True,False,1.9182652555888011,-0.017053246326412325,0.5036031274312862,-0.5609748304808925
0,1,0,71.0,0,0,49.5042,0,49.5042,3.922056501139853,1,1,True,False,False,False,False,True,False,False,False,False,False,False,False,False,False,False,True,False,False,False,False,True,3.1049173661758025,0.4301017176975453,0.9910237262754293,-0.5609748304808925
0,3,0,21.0,0,0,8.05,0,8.05,2.2027647577118348,1,1,False,False,True,False,False,True,False,False,False,False,False,False,False,False,False,False,True,False,False,True,False,False,-0.6033704794085775,-0.5452853709271769,-0.7841792430073967,-0.5609748304808925
0,3,0,26.0,0,0,14.4583,0,14.4583,2.738146075922933,1,1,True,False,False,False,False,True,False,False,False,False,False,False,False,False,False,False,True,False,False,True,False,False,-0.23254169485013945,-0.39450274624659437,-0.23138736843472296,-0.5609748304808925
1,1,1,54.0,1,0,78.2667,1,78.2667,4.37281811610993,2,0,True,False,False,False,True,False,False,False,False,False,False,True,False,False,False,False,False,False,False,False,True,False,1.8440994986771135,1.106862362856988,1.4564440718289613,0.059159876663617626
0,3,0,26.0,0,0,15.1,0,15.1,2.7788192719904172,1,1,False,False,True,False,False,True,False,False,False,False,False,False,False,False,False,False,True,False,False,True,False,False,-0.23254169485013945,-0.3794040133131284,-0.1893914833819289,-0.5609748304808925
0,1,1,25.0,1,2,151.55,1,151.55,5.027492411162679,4,0,False,False,True,False,False,False,True,False,False,False,True,False,False,False,False,False,False,False,False,True,False,False,-0.30670745176182707,2.831164957812677,2.132408321022389,1.299429290952638
0,3,0,24.0,0,0,7.7958,0,7.7958,2.174274334826008,1,1,False,False,True,False,False,True,False,False,False,False,False,False,False,False,False,False,True,False,False,True,False,False,-0.38087320867351465,-0.5512665115095161,-0.8135961720983267,-0.5609748304808925
0,3,0,17.0,0,0,8.6625,0,8.6625,2.2682524139135403,1,1,False,False,True,False,False,True,False,False,False,False,False,False,False,False,False,False,True,False,True,False,False,False,-0.9000335070553279,-0.5308736926947507,-0.7165619336211217,-0.5609748304808925
0,3,1,21.0,0,0,7.75,0,7.75,2.169053700369523,1,1,False,True,False,False,True,False,False,False,False,False,False,False,False,False,False,False,True,False,False,True,False,False,-0.6033704794085775,-0.5523441521022427,-0.8189865811572414,-0.5609748304808925
0,3,1,18.0,0,0,7.6292,0,7.6292,2.155151800914312,1,1,False,True,False,False,True,False,False,False,False,False,False,False,False,False,False,False,True,False,True,False,False,False,-0.8258677501436402,-0.5551864879887359,-0.8333405692374476,-0.5609748304808925
0,3,1,37.0,0,0,9.5875,0,9.5875,2.3596740599781727,1,1,False,False,True,False,True,False,False,False,False,False,False,False,False,False,False,False,True,False,False,False,True,False,0.5832816311784242,-0.5091091174049641,-0.6221672631581132,-0.5609748304808925
1,1,1,16.0,0,0,86.5,1,86.5,4.471638793363569,1,1,False,False,True,False,True,False,False,False,False,True,False,False,False,False,False,False,False,False,True,False,False,False,-0.9741992639670155,1.3005859063525549,1.5584783893656837,-0.5609748304808925
0,1,0,18.0,1,0,108.9,1,108.9,4.699570861409576,2,0,True,False,False,False,False,True,False,False,False,False,True,False,False,False,False,False,False,False,True,False,False,False,-0.8258677501436402,1.827641567424142,1.7938227894866787,0.059159876663617626
1,2,1,33.0,0,2,26.0,0,26.0,3.295836866004329,3,0,False,False,True,False,False,False,True,False,False,False,False,False,False,False,False,False,True,False,False,True,False,False,0.2866186035316738,-0.12293496395240078,0.3444394801955362,0.6792945838081278
1,1,0,40.0,0,0,26.55,0,26.55,3.3160025355989236,1,1,False,False,True,False,False,True,False,False,False,False,False,False,False,False,False,False,True,False,False,False,True,False,0.805778901913487,-0.10999386513144661,0.36526093570402607,-0.5609748304808925
0,3,0,28.0,0,0,22.525,0,22.525,3.1580636854714434,1,1,False,False,True,False,False,True,False,False,False,False,False,False,False,False,False,False,True,False,False,True,False,False,-0.08421018102676424,-0.20469917923024744,0.20218592718197398,-0.5609748304808925
1,3,0,26.0,0,0,56.4958,0,56.4958,4.05171190165724,1,1,False,False,True,False,False,True,False,False,False,False,False,False,False,False,False,False,True,False,False,True,False,False,-0.23254169485013945,0.5946089659095145,1.1248955097361604,-0.5609748304808925
1,3,0,29.0,0,0,7.75,0,7.75,2.169053700369523,1,1,False,True,False,False,False,True,False,False,False,False,False,False,False,False,False,False,True,False,False,True,False,False,-0.010044424115076634,-0.5523441521022427,-0.8189865811572414,-0.5609748304808925
0,3,0,26.0,0,0,8.05,0,8.05,2.2027647577118348,1,1,False,False,True,False,False,True,False,False,False,False,False,False,False,False,False,False,True,False,False,True,False,False,-0.23254169485013945,-0.5452853709271769,-0.7841792430073967,-0.5609748304808925
1,1,0,36.0,0,0,26.2875,1,26.2875,3.3064287218760624,1,1,False,False,True,False,False,True,False,False,False,False,False,False,True,False,False,False,False,False,False,False,True,False,0.5091158742667365,-0.11617029865962926,0.3553757823476229,-0.5609748304808925
1,1,1,54.0,1,0,59.4,0,59.4,4.100989104940769,2,0,True,False,False,False,False,False,True,False,False,False,False,False,False,False,False,False,True,False,False,False,True,False,1.8440994986771135,0.662942673538269,1.1757752036108362,0.059159876663617626
0,3,0,24.0,0,0,7.4958,0,7.4958,2.139571923732859,1,1,False,False,True,False,False,True,False,False,False,False,False,False,False,False,False,False,True,False,False,True,False,False,-0.38087320867351465,-0.558325292684582,-0.8494271027413144,-0.5609748304808925
0,1,0,47.0,0,0,34.0208,1,34.0208,3.5559421706858756,1,1,False,False,True,False,False,True,False,False,False,False,False,True,False,False,False,False,False,False,False,False,True,False,1.3249392002953002,0.06578860954416106,0.6130033879569109,-0.5609748304808925
1,2,1,34.0,0,0,10.5,1,10.5,2.4423470353692043,1,1,False,False,True,False,False,False,True,False,False,False,False,False,False,True,False,False,False,False,False,True,False,False,0.3607843604433614,-0.4876386579974721,-0.5368057694182641,-0.5609748304808925
0,3,0,26.0,0,0,24.15,0,24.15,3.224857896545748,1,1,False,True,False,False,False,True,False,False,False,False,False,False,False,False,False,False,True,False,False,True,False,False,-0.23254169485013945,-0.16646411453197382,0.2711522804976662,-0.5609748304808925
1,2,1,36.0,1,0,26.0,0,26.0,3.295836866004329,2,0,False,False,True,False,False,False,True,False,False,False,False,False,False,False,False,False,True,False,False,False,True,False,0.5091158742667365,-0.12293496395240078,0.3444394801955362,0.059159876663617626
0,3,0,32.0,0,0,7.8958,0,7.8958,2.1855792552411137,1,1,False,False,True,False,False,True,False,False,False,False,False,False,False,False,False,False,True,False,False,True,False,False,0.21245284661998617,-0.5489135844511608,-0.8019236166026618,-0.5609748304808925
1,1,1,30.0,0,0,93.5,1,93.5,4.548599834499697,1,1,False,False,True,False,True,False,False,False,False,True,False,False,False,False,False,False,False,False,False,True,False,False,0.06412133279661097,1.4652908004374259,1.6379421972192298,-0.5609748304808925
0,3,0,22.0,0,0,7.8958,0,7.8958,2.1855792552411137,1,1,False,False,True,False,False,True,False,False,False,False,False,False,False,False,False,False,True,False,False,True,False,False,-0.5292047224968899,-0.5489135844511608,-0.8019236166026618,-0.5609748304808925
0,3,0,26.0,0,0,7.225,0,7.225,2.1071782966514356,1,1,True,False,False,False,False,True,False,False,False,False,False,False,False,False,False,False,True,False,False,True,False,False,-0.23254169485013945,-0.5646970191586081,-0.8828741679067217,-0.5609748304808925
1,1,1,44.0,0,1,57.9792,1,57.9792,4.077184839375167,2,0,True,False,False,False,False,False,True,False,False,True,False,False,False,False,False,False,False,False,False,False,True,False,1.1024419295602375,0.6295122858931569,1.1511968252901217,0.059159876663617626
0,3,0,26.0,0,0,7.2292,0,7.2292,2.1076888046179385,1,1,True,False,False,False,False,True,False,False,False,False,False,False,False,False,False,False,True,False,False,True,False,False,-0.23254169485013945,-0.5645981962221572,-0.8823470582632056,-0.5609748304808925
0,3,0,40.5,0,0,7.75,0,7.75,2.169053700369523,1,1,False,True,False,False,False,True,False,False,False,False,False,False,False,False,False,False,True,False,False,False,True,False,0.8428617803693308,-0.5523441521022427,-0.8189865811572414,-0.5609748304808925
1,2,1,50.0,0,0,10.5,0,10.5,2.4423470353692043,1,1,False,False,True,False,True,False,False,False,False,False,False,False,False,False,False,False,True,False,False,False,True,False,1.547436471030363,-0.4876386579974721,-0.5368057694182641,-0.5609748304808925
0,1,0,40.0,0,0,221.7792,1,221.7792,5.406181146423973,1,1,False,False,True,False,False,True,False,False,False,False,True,False,False,False,False,False,False,False,False,False,True,False,0.805778901913487,4.483606807479136,2.523411982756633,-0.5609748304808925
0,3,0,39.0,0,0,7.925,0,7.925,2.188856327665703,1,1,False,False,True,False,False,True,False,False,False,False,False,False,False,False,False,False,True,False,False,False,True,False,0.7316131450017994,-0.548226529750121,-0.798539974052802,-0.5609748304808925
0,2,0,23.0,2,1,11.5,0,11.5,2.5257286443082556,4,0,False,False,True,False,False,True,False,False,False,False,False,False,False,False,False,False,True,False,False,True,False,False,-0.45503896558520224,-0.4641093874139191,-0.4507125974257932,1.299429290952638
1,2,1,2.0,1,1,26.0,0,26.0,3.295836866004329,3,0,False,False,True,False,True,False,False,False,False,False,False,False,False,False,False,False,True,True,False,False,False,False,-2.012519860730642,-0.12293496395240078,0.3444394801955362,0.6792945838081278
0,3,0,26.0,0,0,7.2292,0,7.2292,2.1076888046179385,1,1,True,False,False,False,False,True,False,False,False,False,False,False,False,False,False,False,True,False,False,True,False,False,-0.23254169485013945,-0.5645981962221572,-0.8823470582632056,-0.5609748304808925
0,3,0,17.0,1,1,7.2292,0,7.2292,2.1076888046179385,3,0,True,False,False,False,False,True,False,False,False,False,False,False,False,False,False,False,True,False,True,False,False,False,-0.9000335070553279,-0.5645981962221572,-0.8823470582632056,0.6792945838081278
1,3,1,31.0,0,2,22.3583,0,22.3583,3.1509523813392697,3,0,True,False,False,False,False,False,True,False,False,False,False,False,False,False,False,False,True,False,False,True,False,False,0.13828708970829856,-0.20862150863652568,0.19484336402527688,0.6792945838081278
0,3,1,30.0,0,0,8.6625,0,8.6625,2.2682524139135403,1,1,False,False,True,False,True,False,False,False,False,False,False,False,False,False,False,False,True,False,False,True,False,False,0.06412133279661097,-0.5308736926947507,-0.7165619336211217,-0.5609748304808925
1,2,1,7.0,0,2,26.25,0,26.25,3.305053521109253,3,0,False,False,True,False,True,False,False,False,False,False,False,False,False,False,False,False,True,True,False,False,False,False,-1.641691076172204,-0.11705264630651252,0.35395586016517094,0.6792945838081278
0,1,0,45.0,0,0,26.55,1,26.55,3.3160025355989236,1,1,False,False,True,False,False,False,False,True,False,True,False,False,False,False,False,False,False,False,False,False,True,False,1.176607686471925,-0.10999386513144661,0.36526093570402607,-0.5609748304808925
1,1,1,30.0,0,0,106.425,0,106.425,4.676792929661059,1,1,True,False,False,False,True,False,False,False,False,False,False,False,False,False,False,False,True,False,False,True,False,False,0.06412133279661097,1.7694066227298482,1.7703041212742283,-0.5609748304808925
0,3,0,26.0,0,0,14.5,0,14.5,2.740840023925201,1,1,False,False,True,False,False,True,False,False,False,False,False,False,False,False,False,False,True,False,False,True,False,False,-0.23254169485013945,-0.3935215756632601,-0.2286058134653583,-0.5609748304808925
1,1,1,22.0,0,2,49.5,1,49.5,3.9219733362813143,3,0,True,False,False,False,True,False,False,False,False,True,False,False,False,False,False,False,False,False,False,True,False,False,-0.5292047224968899,0.43000289476109443,0.9909378569025421,0.6792945838081278
1,1,1,36.0,0,2,71.0,1,71.0,4.276666119016055,3,0,False,False,True,False,True,False,False,False,False,True,False,False,False,False,False,False,False,False,False,False,True,False,0.5091158742667365,0.9358822123074836,1.3571652197109427,0.6792945838081278
0,3,1,9.0,4,2,31.275,0,31.275,3.4742929367327062,7,0,False,False,True,False,True,False,False,False,False,False,False,False,False,False,False,False,True,True,False,False,False,False,-1.4933595623488287,0.0011819383758412065,0.5286989276421437,3.1598334123861687
0,3,1,11.0,4,2,31.275,0,31.275,3.4742929367327062,7,0,False,False,True,False,True,False,False,False,False,False,False,False,False,False,False,False,True,True,False,False,False,False,-1.3450280485254535,0.0011819383758412065,0.5286989276421437,3.1598334123861687
1,2,0,32.0,1,0,26.0,0,26.0,3.295836866004329,2,0,False,False,True,False,False,True,False,False,False,False,False,False,False,False,False,False,True,False,False,True,False,False,0.21245284661998617,-0.12293496395240078,0.3444394801955362,0.059159876663617626
0,1,0,50.0,1,0,106.425,1,106.425,4.676792929661059,2,0,True,False,False,False,False,True,False,False,False,False,True,False,False,False,False,False,False,False,False,False,True,False,1.547436471030363,1.7694066227298482,1.7703041212742283,0.059159876663617626
0,1,0,64.0,0,0,26.0,0,26.0,3.295836866004329,1,1,False,False,True,False,False,True,False,False,False,False,False,False,False,False,False,False,True,False,False,False,False,True,2.585757067793989,-0.12293496395240078,0.3444394801955362,-0.5609748304808925
1,2,1,19.0,1,0,26.0,0,26.0,3.295836866004329,2,0,False,False,True,False,False,False,True,False,False,False,False,False,False,False,False,False,True,False,False,True,False,False,-0.7517019932319526,-0.12293496395240078,0.3444394801955362,0.059159876663617626
1,2,0,31.0,0,0,13.8625,0,13.8625,2.6988412620169004,1,1,True,False,False,False,False,True,False,False,False,False,False,False,False,False,False,False,True,False,False,True,False,False,0.13828708970829856,-0.40852148566027513,-0.27197037165090676,-0.5609748304808925
0,3,0,33.0,1,1,20.525,0,20.525,3.0692150503137943,3,0,False,False,True,False,False,True,False,False,False,False,False,False,False,False,False,False,True,False,False,True,False,False,0.2866186035316738,-0.2517577203973534,0.11044794172866994,0.6792945838081278
1,2,0,8.0,1,1,36.75,0,36.75,3.6309854756950335,3,0,False,False,True,True,False,False,False,False,False,False,False,False,False,False,False,False,True,True,False,False,False,False,-1.5675253192605163,0.13000469482079385,0.6904870950626278,0.6792945838081278
1,1,0,17.0,0,2,110.8833,1,110.8833,4.717456363787216,3,0,True,False,False,False,False,True,False,False,False,False,True,False,False,False,False,False,False,False,True,False,False,False,-0.9000335070553279,1.8743071697725027,1.812289926928167,0.6792945838081278
0,2,0,27.0,0,0,26.0,0,26.0,3.295836866004329,1,1,False,False,True,False,False,True,False,False,False,False,False,False,False,False,False,False,True,False,False,True,False,False,-0.15837593793845184,-0.12293496395240078,0.3444394801955362,-0.5609748304808925
0,3,0,26.0,0,0,7.8292,0,7.8292,2.17806441028492,1,1,False,True,False,False,False,True,False,False,False,False,False,False,False,False,False,False,True,False,False,True,False,False,-0.23254169485013945,-0.5504806338720254,-0.809682843697731,-0.5609748304808925
1,3,0,22.0,0,0,7.225,0,7.225,2.1071782966514356,1,1,True,False,False,False,False,True,False,False,False,False,False,False,False,False,False,False,True,False,False,True,False,False,-0.5292047224968899,-0.5646970191586081,-0.8828741679067217,-0.5609748304808925
1,3,1,22.0,0,0,7.775,0,7.775,2.1719067693519296,1,1,False,False,True,False,True,False,False,False,False,False,False,False,False,False,False,False,True,False,False,True,False,False,-0.5292047224968899,-0.551755920337654,-0.8160407306065733,-0.5609748304808925
0,1,0,62.0,0,0,26.55,0,26.55,3.3160025355989236,1,1,False,False,True,False,False,True,False,False,False,False,False,False,False,False,False,False,True,False,False,False,False,True,2.437425553970614,-0.10999386513144661,0.36526093570402607,-0.5609748304808925
1,1,1,48.0,1,0,39.6,1,39.6,3.703768066607687,2,0,True,False,False,False,False,False,False,True,True,False,False,False,False,False,False,False,False,False,False,False,True,False,1.3991049572069878,0.1970631159839199,0.7656365698356679,0.059159876663617626
0,1,0,40.0,0,0,227.525,0,227.525,5.4316456135398825,1,1,True,False,False,False,False,True,False,False,False,False,False,False,False,False,False,False,True,False,False,False,True,False,0.805778901913487,4.618801290398115,2.5497045522452972,-0.5609748304808925
1,1,1,39.0,1,1,79.65,1,79.65,4.390118804571218,3,0,False,False,True,False,False,False,True,False,False,False,False,False,True,False,False,False,False,False,False,False,True,False,0.7316131450017994,1.139410402855217,1.4743073772537167,0.6792945838081278
1,3,1,36.0,1,0,17.4,0,17.4,2.91235066461494,2,0,False,False,True,False,False,False,True,False,False,False,False,False,False,False,False,False,True,False,False,False,True,False,0.5091158742667365,-0.3252866909709565,-0.05151766087005573,0.059159876663617626
0,3,0,26.0,0,0,7.75,0,7.75,2.169053700369523,1,1,False,True,False,False,False,True,False,False,False,False,False,False,False,False,False,False,True,False,False,True,False,False,-0.23254169485013945,-0.5523441521022427,-0.8189865811572414,-0.5609748304808925
0,3,0,40.0,0,0,7.8958,0,7.8958,2.1855792552411137,1,1,False,False,True,False,False,True,False,False,False,False,False,False,False,False,False,False,True,False,False,False,True,False,0.805778901913487,-0.5489135844511608,-0.8019236166026618,-0.5609748304808925
0,2,0,28.0,0,0,13.5,0,13.5,2.6741486494265287,1,1,False,False,True,False,False,True,False,False,False,False,False,False,False,False,False,False,True,False,False,True,False,False,-0.08421018102676424,-0.4170508462468131,-0.29746598596845064,-0.5609748304808925
0,3,0,26.0,0,0,8.05,0,8.05,2.2027647577118348,1,1,False,False,True,False,False,True,False,False,False,False,False,False,False,False,False,False,True,False,False,True,False,False,-0.23254169485013945,-0.5452853709271769,-0.7841792430073967,-0.5609748304808925
0,3,1,18.0,0,0,8.05,0,8.05,2.2027647577118348,1,1,False,False,True,False,True,False,False,False,False,False,False,False,False,False,False,False,True,False,True,False,False,False,-0.8258677501436402,-0.5452853709271769,-0.7841792430073967,-0.5609748304808925
0,3,0,24.0,2,0,24.15,0,24.15,3.224857896545748,3,0,False,False,True,False,False,True,False,False,False,False,False,False,False,False,False,False,True,False,False,True,False,False,-0.38087320867351465,-0.16646411453197382,0.2711522804976662,0.6792945838081278
0,3,0,19.0,0,0,7.8958,0,7.8958,2.1855792552411137,1,1,False,False,True,False,False,True,False,False,False,False,False,False,False,False,False,False,True,False,False,True,False,False,-0.7517019932319526,-0.5489135844511608,-0.8019236166026618,-0.5609748304808925
0,3,1,29.0,0,4,21.075,0,21.075,3.0944457464900235,5,0,False,False,True,False,False,False,True,False,False,False,False,False,False,False,False,False,True,False,False,True,False,False,-0.010044424115076634,-0.23881662157639924,0.1364991380659541,1.9195639980971482
0,3,0,26.0,0,0,7.2292,0,7.2292,2.1076888046179385,1,1,True,False,False,False,False,True,False,False,False,False,False,False,False,False,False,False,True,False,False,True,False,False,-0.23254169485013945,-0.5645981962221572,-0.8823470582632056,-0.5609748304808925
1,3,0,32.0,0,0,7.8542,0,7.8542,2.180891922715322,1,1,False,False,True,False,False,True,False,False,False,False,False,False,False,False,False,False,True,False,False,True,False,False,0.21245284661998617,-0.5498924021074366,-0.806763380796033,-0.5609748304808925
1,2,0,62.0,0,0,10.5,0,10.5,2.4423470353692043,1,1,False,False,True,False,False,True,False,False,False,False,False,False,False,False,False,False,True,False,False,False,False,True,2.437425553970614,-0.4876386579974721,-0.5368057694182641,-0.5609748304808925
1,1,1,53.0,2,0,51.4792,1,51.4792,3.960416900617205,3,0,False,False,True,False,False,False,True,False,False,False,True,False,False,False,False,False,False,False,False,False,True,False,1.769933741765426,0.47657202710006247,1.0306316027835163,0.6792945838081278
1,1,0,36.0,0,0,26.3875,1,26.3875,3.3100867049215847,1,1,False,False,True,False,False,True,False,False,False,False,False,False,True,False,False,False,False,False,False,False,True,False,0.5091158742667365,-0.113817371601274,0.35915272270042775,-0.5609748304808925
1,3,1,18.0,0,0,7.75,0,7.75,2.169053700369523,1,1,False,True,False,False,True,False,False,False,False,False,False,False,False,False,False,False,True,False,True,False,False,False,-0.8258677501436402,-0.5523441521022427,-0.8189865811572414,-0.5609748304808925
0,3,0,16.0,0,0,8.05,0,8.05,2.2027647577118348,1,1,False,False,True,False,False,True,False,False,False,False,False,False,False,False,False,False,True,False,True,False,False,False,-0.9741992639670155,-0.5452853709271769,-0.7841792430073967,-0.5609748304808925
0,3,0,19.0,0,0,14.5,0,14.5,2.740840023925201,1,1,False,False,True,False,False,True,False,False,False,False,False,False,False,False,False,False,True,False,False,True,False,False,-0.7517019932319526,-0.3935215756632601,-0.2286058134653583,-0.5609748304808925
1,2,1,34.0,0,0,13.0,0,13.0,2.6390573296152584,1,1,False,False,True,False,True,False,False,False,False,False,False,False,False,False,False,False,True,False,False,True,False,False,0.3607843604433614,-0.4288154815385896,-0.3336984726090336,-0.5609748304808925
1,1,1,39.0,1,0,55.9,1,55.9,4.041295341132285,2,0,False,False,True,False,False,False,True,False,False,False,False,False,True,False,False,False,False,False,False,False,True,False,0.7316131450017994,0.5805902264958336,1.1141402035210881,0.059159876663617626
0,3,1,31.0,1,0,14.4583,0,14.4583,2.738146075922933,2,0,True,False,False,False,False,False,True,False,False,False,False,False,False,False,False,False,True,False,False,True,False,False,0.13828708970829856,-0.39450274624659437,-0.23138736843472296,0.059159876663617626
1,3,0,32.0,0,0,7.925,0,7.925,2.188856327665703,1,1,False,False,True,False,False,True,False,False,False,False,False,False,False,False,False,False,True,False,False,True,False,False,0.21245284661998617,-0.548226529750121,-0.798539974052802,-0.5609748304808925
1,2,1,25.0,1,1,30.0,0,30.0,3.4339872044851463,3,0,False,False,True,False,True,False,False,False,False,False,False,False,False,False,False,False,True,False,False,True,False,False,-0.30670745176182707,-0.02881788161818882,0.4870824563024251,0.6792945838081278
1,1,1,39.0,1,1,110.8833,1,110.8833,4.717456363787216,3,0,True,False,False,False,False,False,True,False,False,False,True,False,False,False,False,False,False,False,False,False,True,False,0.7316131450017994,1.8743071697725027,1.812289926928167,0.6792945838081278
0,2,0,54.0,0,0,26.0,0,26.0,3.295836866004329,1,1,False,False,True,False,False,True,False,False,False,False,False,False,False,False,False,False,True,False,False,False,True,False,1.8440994986771135,-0.12293496395240078,0.3444394801955362,-0.5609748304808925
0,1,0,36.0,0,0,40.125,1,40.125,3.716616209085536,1,1,True,False,False,False,False,True,False,False,True,False,False,False,False,False,False,False,False,False,False,False,True,False,0.5091158742667365,0.2094159830402852,0.7789025328484201,-0.5609748304808925
0,3,0,26.0,0,0,8.7125,0,8.7125,2.2734137156937657,1,1,True,False,False,False,False,True,False,False,False,False,False,False,False,False,False,False,True,False,False,True,False,False,-0.23254169485013945,-0.529697229165573,-0.71123278673221,-0.5609748304808925
1,1,1,18.0,0,2,79.65,1,79.65,4.390118804571218,3,0,False,False,True,False,True,False,False,False,False,False,False,False,True,False,False,False,False,False,True,False,False,False,-0.8258677501436402,1.139410402855217,1.4743073772537167,0.6792945838081278
0,2,0,47.0,0,0,15.0,0,15.0,2.772588722239781,1,1,False,False,True,False,False,True,False,False,False,False,False,False,False,False,False,False,True,False,False,False,True,False,1.3249392002953002,-0.3817569403714836,-0.19582465009716046,-0.5609748304808925
1,1,0,60.0,1,1,79.2,1,79.2,4.384523514872469,3,0,True,False,False,False,False,True,False,False,False,True,False,False,False,False,False,False,False,False,False,False,True,False,2.2890940401472393,1.1288222310926181,1.4685301291949246,0.6792945838081278
0,3,0,22.0,0,0,8.05,0,8.05,2.2027647577118348,1,1,False,False,True,False,False,True,False,False,False,False,False,False,False,False,False,False,True,False,False,True,False,False,-0.5292047224968899,-0.5452853709271769,-0.7841792430073967,-0.5609748304808925
0,3,0,26.0,0,0,8.05,0,8.05,2.2027647577118348,1,1,False,False,True,False,False,True,False,False,False,False,False,False,False,False,False,False,True,False,False,True,False,False,-0.23254169485013945,-0.5452853709271769,-0.7841792430073967,-0.5609748304808925
0,3,0,35.0,0,0,7.125,0,7.125,2.094945728215801,1,1,False,False,True,False,False,True,False,False,False,False,False,False,False,False,False,False,True,False,False,True,False,False,0.43495011735504896,-0.5670499462169634,-0.8955045384601199,-0.5609748304808925
1,1,1,52.0,1,0,78.2667,1,78.2667,4.37281811610993,2,0,True,False,False,False,False,False,True,False,False,False,False,True,False,False,False,False,False,False,False,False,True,False,1.6957679848537381,1.106862362856988,1.4564440718289613,0.059159876663617626
0,3,0,47.0,0,0,7.25,0,7.25,2.1102132003465894,1,1,False,False,True,False,False,True,False,False,False,False,False,False,False,False,False,False,True,False,False,False,True,False,1.3249392002953002,-0.5641087873940193,-0.8797405693934278,-0.5609748304808925
0,3,1,18.0,0,2,7.75,0,7.75,2.169053700369523,3,0,False,True,False,False,True,False,False,False,False,False,False,False,False,False,False,False,True,False,True,False,False,False,-0.8258677501436402,-0.5523441521022427,-0.8189865811572414,0.6792945838081278
0,2,0,37.0,1,0,26.0,0,26.0,3.295836866004329,2,0,False,False,True,False,False,True,False,False,False,False,False,False,False,False,False,False,True,False,False,False,True,False,0.5832816311784242,-0.12293496395240078,0.3444394801955362,0.059159876663617626
0,3,0,36.0,1,1,24.15,0,24.15,3.224857896545748,3,0,False,False,True,False,False,True,False,False,False,False,False,False,False,False,False,False,True,False,False,False,True,False,0.5091158742667365,-0.16646411453197382,0.2711522804976662,0.6792945838081278
1,2,1,24.0,0,0,33.0,0,33.0,3.5263605246161616,1,1,False,False,True,False,True,False,False,False,False,False,False,False,False,False,False,False,True,False,False,True,False,False,-0.38087320867351465,0.04176993013247014,0.5824597491940529,-0.5609748304808925
0,3,0,49.0,0,0,0.0,0,0.0,0.0,1,1,False,False,True,False,False,True,False,False,False,False,False,False,False,False,False,False,True,False,False,False,True,False,1.4732707141186754,-0.7346959991247785,-3.0585777291682934,-0.5609748304808925
0,3,0,26.0,0,0,7.225,0,7.225,2.1071782966514356,1,1,True,False,False,False,False,True,False,False,False,False,False,False,False,False,False,False,True,False,False,True,False,False,-0.23254169485013945,-0.5646970191586081,-0.8828741679067217,-0.5609748304808925
1,1,0,49.0,1,0,56.9292,1,56.9292,4.0592215752427645,2,0,True,False,False,False,False,False,False,True,True,False,False,False,False,False,False,False,False,False,False,False,True,False,1.4732707141186754,0.6048065517804263,1.1326493972880125,0.059159876663617626
1,2,1,24.0,2,1,27.0,0,27.0,3.332204510175204,4,0,False,False,True,False,False,False,True,False,False,False,False,False,False,False,False,False,True,False,False,True,False,False,-0.38087320867351465,-0.09940569336884779,0.3819897971587497,1.299429290952638
0,3,0,26.0,0,0,7.8958,0,7.8958,2.1855792552411137,1,1,False,False,True,False,False,True,False,False,False,False,False,False,False,False,False,False,True,False,False,True,False,False,-0.23254169485013945,-0.5489135844511608,-0.8019236166026618,-0.5609748304808925
0,1,0,40.0,0,0,42.4,0,42.4,3.770459441106359,1,1,False,False,True,False,False,True,False,False,False,False,False,False,False,False,False,False,True,False,False,False,True,False,0.805778901913487,0.2629450736178682,0.8344967423387601,-0.5609748304808925
0,3,0,44.0,0,0,8.05,0,8.05,2.2027647577118348,1,1,False,False,True,False,False,True,False,False,False,False,False,False,False,False,False,False,True,False,False,False,True,False,1.1024419295602375,-0.5452853709271769,-0.7841792430073967,-0.5609748304808925
1,1,0,35.0,0,0,26.55,0,26.55,3.3160025355989236,1,1,True,False,False,False,False,True,False,False,False,False,False,False,False,False,False,False,True,False,False,True,False,False,0.43495011735504896,-0.10999386513144661,0.36526093570402607,-0.5609748304808925
0,3,0,36.0,1,0,15.55,0,15.55,2.806386101823072,2,0,False,False,True,False,False,True,False,False,False,False,False,False,False,False,False,False,True,False,False,False,True,False,0.5091158742667365,-0.3688158415505295,-0.16092818251417132,0.059159876663617626
0,3,0,30.0,0,0,7.8958,0,7.8958,2.1855792552411137,1,1,False,False,True,False,False,True,False,False,False,False,False,False,False,False,False,False,True,False,False,True,False,False,0.06412133279661097,-0.5489135844511608,-0.8019236166026618,-0.5609748304808925
1,1,0,27.0,0,0,30.5,0,30.5,3.449987545831587,1,1,False,False,True,False,False,True,False,False,False,False,False,False,False,False,False,False,True,False,False,True,False,False,-0.15837593793845184,-0.017053246326412325,0.5036031274312862,-0.5609748304808925
1,2,1,22.0,1,2,41.5792,0,41.5792,3.7513658711253766,4,0,True,False,False,False,False,False,True,False,False,False,False,False,False,False,False,False,True,False,False,True,False,False,-0.5292047224968899,0.24363224832288793,0.8147822510349934,1.299429290952638
1,1,1,40.0,0,0,153.4625,1,153.4625,5.039951348430309,1,1,False,False,True,False,True,False,False,False,False,False,True,False,False,False,False,False,False,False,False,False,True,False,0.805778901913487,2.876164687803722,2.14527242190355,-0.5609748304808925
0,3,1,39.0,1,5,31.275,0,31.275,3.4742929367327062,7,0,False,False,True,False,False,False,True,False,False,False,False,False,False,False,False,False,True,False,False,False,True,False,0.7316131450017994,0.0011819383758412065,0.5286989276421437,3.1598334123861687
0,3,0,26.0,0,0,7.05,0,7.05,2.085672091430472,1,1,False,False,True,False,False,True,False,False,False,False,False,False,False,False,False,False,True,False,False,True,False,False,-0.23254169485013945,-0.5688146415107299,-0.9050797531497122,-0.5609748304808925
1,3,1,18.0,1,0,15.5,0,15.5,2.803360380906535,2,0,False,True,False,False,True,False,False,False,False,False,False,False,False,False,False,False,True,False,True,False,False,False,-0.8258677501436402,-0.36999230507970715,-0.16405229962564447,0.059159876663617626
0,3,0,26.0,0,0,7.75,0,7.75,2.169053700369523,1,1,False,True,False,False,False,True,False,False,False,False,False,False,False,False,False,False,True,False,False,True,False,False,-0.23254169485013945,-0.5523441521022427,-0.8189865811572414,-0.5609748304808925
0,3,0,35.0,0,0,8.05,0,8.05,2.2027647577118348,1,1,False,False,True,False,False,True,False,False,False,False,False,False,False,False,False,False,True,False,False,True,False,False,0.43495011735504896,-0.5452853709271769,-0.7841792430073967,-0.5609748304808925
1,2,1,24.0,1,2,65.0,0,65.0,4.189654742026425,4,0,False,False,True,False,True,False,False,False,False,False,False,False,False,False,False,False,True,False,False,True,False,False,-0.38087320867351465,0.7947065888061656,1.2673242399099218,1.299429290952638
0,3,0,34.0,1,1,14.4,0,14.4,2.7343675094195836,3,0,False,False,True,False,False,True,False,False,False,False,False,False,False,False,False,False,True,False,False,True,False,False,0.3607843604433614,-0.3958745027216154,-0.23528881360946907,0.6792945838081278
0,3,1,26.0,1,0,16.1,0,16.1,2.8390784635086144,2,0,False,False,True,False,False,False,True,False,False,False,False,False,False,False,False,False,True,False,False,True,False,False,-0.23254169485013945,-0.3558747427295753,-0.12717266791993012,0.059159876663617626
1,2,1,4.0,2,1,39.0,1,39.0,3.6888794541139363,4,0,False,False,True,False,True,False,False,False,False,False,False,False,False,True,False,False,False,True,False,False,False,False,-1.8641883469072666,0.18294555363378806,0.750263780890198,1.299429290952638
0,2,0,26.0,0,0,10.5,0,10.5,2.4423470353692043,1,1,False,False,True,False,False,True,False,False,False,False,False,False,False,False,False,False,True,False,False,True,False,False,-0.23254169485013945,-0.4876386579974721,-0.5368057694182641,-0.5609748304808925
0,3,0,27.0,1,0,14.4542,0,14.4542,2.737880811060884,2,0,True,False,False,False,False,True,False,False,False,False,False,False,False,False,False,False,True,False,False,True,False,False,-0.15837593793845184,-0.3945992162559869,-0.23166125968823223,0.059159876663617626
1,1,0,42.0,1,0,52.5542,1,52.5542,3.9806942251907276,2,0,False,False,True,False,False,True,False,False,False,False,False,True,False,False,False,False,False,False,False,False,True,False,0.9541104157368622,0.501865992977382,1.0515683442816504,0.059159876663617626
1,3,0,20.0,1,1,15.7417,0,15.7417,2.817902613071225,3,0,True,False,False,False,False,True,False,False,False,False,False,False,False,False,False,False,True,False,False,True,False,False,-0.677536236320265,-0.36430528037966237,-0.14903715526900022,0.6792945838081278
0,3,0,21.0,0,0,7.8542,0,7.8542,2.180891922715322,1,1,False,False,True,False,False,True,False,False,False,False,False,False,False,False,False,False,True,False,False,True,False,False,-0.6033704794085775,-0.5498924021074366,-0.806763380796033,-0.5609748304808925
0,3,0,21.0,0,0,16.1,0,16.1,2.8390784635086144,1,1,False,False,True,False,False,True,False,False,False,False,False,False,False,False,False,False,True,False,False,True,False,False,-0.6033704794085775,-0.3558747427295753,-0.12717266791993012,-0.5609748304808925
0,1,0,61.0,0,0,32.3208,1,32.3208,3.5061818266142577,1,1,False,False,True,False,False,True,False,False,False,False,False,True,False,False,False,False,False,False,False,False,False,True,2.3632597970589266,0.025788849552120918,0.5616248415955212,-0.5609748304808925
0,2,0,57.0,0,0,12.35,0,12.35,2.5915163848462583,1,1,False,True,False,False,False,False,False,True,False,False,False,False,False,False,False,False,True,False,False,False,True,False,2.0665967694121763,-0.4441095074178991,-0.38278544498532663,-0.5609748304808925
1,1,1,21.0,0,0,77.9583,1,77.9583,4.368919865004903,1,1,False,False,True,False,True,False,False,False,False,False,False,True,False,False,False,False,False,False,False,True,False,False,-0.6033704794085775,1.0996059358090202,1.452419049919151,-0.5609748304808925
0,3,0,26.0,0,0,7.8958,0,7.8958,2.1855792552411137,1,1,False,False,True,False,False,True,False,False,False,False,False,False,False,False,False,False,True,False,False,True,False,False,-0.23254169485013945,-0.5489135844511608,-0.8019236166026618,-0.5609748304808925
0,3,0,26.0,0,0,7.7333,0,7.7333,2.167143305297764,1,1,False,True,False,False,False,True,False,False,False,False,False,False,False,False,False,False,True,False,False,True,False,False,-0.23254169485013945,-0.5527370909209881,-0.8209591021193487,-0.5609748304808925
1,1,0,80.0,0,0,30.0,1,30.0,3.4339872044851463,1,1,False,False,True,False,False,True,False,False,True,False,False,False,False,False,False,False,False,False,False,False,False,True,3.772409178380991,-0.02881788161818882,0.4870824563024251,-0.5609748304808925
0,3,0,51.0,0,0,7.0542,0,7.0542,2.086193694502369,1,1,False,False,True,False,False,True,False,False,False,False,False,False,False,False,False,False,True,False,False,False,True,False,1.6216022279420506,-0.568715818574279,-0.9045411875888885,-0.5609748304808925
1,1,0,32.0,0,0,30.5,1,30.5,3.449987545831587,1,1,True,False,False,False,False,False,False,True,False,True,False,False,False,False,False,False,False,False,False,True,False,False,0.21245284661998617,-0.017053246326412325,0.5036031274312862,-0.5609748304808925
0,1,0,40.0,0,0,0.0,0,0.0,0.0,1,1,False,False,True,False,False,True,False,False,False,False,False,False,False,False,False,False,True,False,False,False,True,False,0.805778901913487,-0.7346959991247785,-3.0585777291682934,-0.5609748304808925
0,3,1,9.0,3,2,27.9,0,27.9,3.3638415951183864,6,0,False,False,True,False,True,False,False,False,False,False,False,False,False,False,False,False,True,True,False,False,False,False,-1.4933595623488287,-0.07822934984365013,0.4146557174979072,2.5396987052416584
1,2,1,28.0,0,0,13.0,0,13.0,2.6390573296152584,1,1,False,False,True,False,True,False,False,False,False,False,False,False,False,False,False,False,True,False,False,True,False,False,-0.08421018102676424,-0.4288154815385896,-0.3336984726090336,-0.5609748304808925
0,3,0,32.0,0,0,7.925,0,7.925,2.188856327665703,1,1,False,False,True,False,False,True,False,False,False,False,False,False,False,False,False,False,True,False,False,True,False,False,0.21245284661998617,-0.548226529750121,-0.798539974052802,-0.5609748304808925
0,2,0,31.0,1,1,26.25,0,26.25,3.305053521109253,3,0,False,False,True,False,False,True,False,False,False,False,False,False,False,False,False,False,True,False,False,True,False,False,0.13828708970829856,-0.11705264630651252,0.35395586016517094,0.6792945838081278
0,3,1,41.0,0,5,39.6875,0,39.6875,3.705920919968788,6,0,False,False,True,False,False,False,True,False,False,False,False,False,False,False,False,False,True,False,False,False,True,False,0.8799446588251746,0.19912192715998075,0.7678594338107121,2.5396987052416584
0,3,0,26.0,1,0,16.1,0,16.1,2.8390784635086144,2,0,False,False,True,False,False,True,False,False,False,False,False,False,False,False,False,False,True,False,False,True,False,False,-0.23254169485013945,-0.3558747427295753,-0.12717266791993012,0.059159876663617626
0,3,0,20.0,0,0,7.8542,0,7.8542,2.180891922715322,1,1,False,False,True,False,False,True,False,False,False,False,False,False,False,False,False,False,True,False,False,True,False,False,-0.677536236320265,-0.5498924021074366,-0.806763380796033,-0.5609748304808925
1,1,1,24.0,0,0,69.3,1,69.3,4.252771798816619,1,1,True,False,False,False,True,False,False,False,False,True,False,False,False,False,False,False,False,False,False,True,False,False,-0.38087320867351465,0.8958824523154435,1.3324938581871215,-0.5609748304808925
0,3,1,2.0,3,2,27.9,0,27.9,3.3638415951183864,6,0,False,False,True,False,True,False,False,False,False,False,False,False,False,False,False,False,True,True,False,False,False,False,-2.012519860730642,-0.07822934984365013,0.4146557174979072,2.5396987052416584
1,3,0,26.0,0,0,56.4958,0,56.4958,4.05171190165724,1,1,False,False,True,False,False,True,False,False,False,False,False,False,False,False,False,False,True,False,False,True,False,False,-0.23254169485013945,0.5946089659095145,1.1248955097361604,-0.5609748304808925
1,3,1,0.75,2,1,19.2583,0,19.2583,3.0085645861193133,4,0,True,False,False,False,True,False,False,False,False,False,False,False,False,False,False,False,True,True,False,False,False,False,-2.1052270568702514,-0.28156224744554,0.047825129435189045,1.299429290952638
1,1,0,48.0,1,0,76.7292,1,76.7292,4.353230991152628,2,0,True,False,False,False,False,True,False,False,False,False,False,True,False,False,False,False,False,False,False,False,True,False,1.3991049572069878,1.0706861093347755,1.4362199751817062,0.059159876663617626
0,3,0,19.0,0,0,7.8958,0,7.8958,2.1855792552411137,1,1,False,False,True,False,False,True,False,False,False,False,False,False,False,False,False,False,True,False,False,True,False,False,-0.7517019932319526,-0.5489135844511608,-0.8019236166026618,-0.5609748304808925
1,1,0,56.0,0,0,35.5,1,35.5,3.597312260588446,1,1,True,False,False,False,False,False,False,True,True,False,False,False,False,False,False,False,False,False,False,False,True,False,1.9924310125004887,0.10059310659135261,0.6557188297748954,-0.5609748304808925
0,3,0,26.0,0,0,7.55,0,7.55,2.145931282948669,1,1,False,False,True,False,False,True,False,False,False,False,False,False,False,False,False,False,True,False,False,True,False,False,-0.23254169485013945,-0.5570500062189534,-0.8428609376877135,-0.5609748304808925
1,3,1,23.0,0,0,7.55,0,7.55,2.145931282948669,1,1,False,False,True,False,True,False,False,False,False,False,False,False,False,False,False,False,True,False,False,True,False,False,-0.45503896558520224,-0.5570500062189534,-0.8428609376877135,-0.5609748304808925
0,3,0,26.0,0,0,7.8958,0,7.8958,2.1855792552411137,1,1,False,False,True,False,False,True,False,False,False,False,False,False,False,False,False,False,True,False,False,True,False,False,-0.23254169485013945,-0.5489135844511608,-0.8019236166026618,-0.5609748304808925
1,2,1,18.0,0,1,23.0,0,23.0,3.1780538303479458,2,0,False,False,True,False,True,False,False,False,False,False,False,False,False,False,False,False,True,False,True,False,False,False,-0.8258677501436402,-0.19352277570305973,0.2228261499229997,0.059159876663617626
0,3,0,21.0,0,0,8.4333,0,8.4333,2.2442459824059346,1,1,False,False,True,False,False,True,False,False,False,False,False,False,False,False,False,False,True,False,False,True,False,False,-0.6033704794085775,-0.536266601512501,-0.741349052303618,-0.5609748304808925
1,3,1,18.0,0,0,7.8292,0,7.8292,2.17806441028492,1,1,False,True,False,False,True,False,False,False,False,False,False,False,False,False,False,False,True,False,True,False,False,False,-0.8258677501436402,-0.5504806338720254,-0.809682843697731,-0.5609748304808925
0,3,1,18.0,0,0,6.75,0,6.75,2.0476928433652555,1,1,False,True,False,False,True,False,False,False,False,False,False,False,False,False,False,False,True,False,True,False,False,False,-0.8258677501436402,-0.5758734226857958,-0.9442940832331417,-0.5609748304808925
0,2,0,24.0,2,0,73.5,0,73.5,4.310799125385514,3,0,False,False,True,False,False,True,False,False,False,False,False,False,False,False,False,False,True,False,False,True,False,False,-0.38087320867351465,0.994705388766366,1.3924082286355355,0.6792945838081278
0,3,0,26.0,0,0,7.8958,0,7.8958,2.1855792552411137,1,1,False,False,True,False,False,True,False,False,False,False,False,False,False,False,False,False,True,False,False,True,False,False,-0.23254169485013945,-0.5489135844511608,-0.8019236166026618,-0.5609748304808925
0,3,1,32.0,1,1,15.5,0,15.5,2.803360380906535,3,0,False,True,False,False,False,False,True,False,False,False,False,False,False,False,False,False,True,False,False,True,False,False,0.21245284661998617,-0.36999230507970715,-0.16405229962564447,0.6792945838081278
0,2,0,23.0,0,0,13.0,0,13.0,2.6390573296152584,1,1,False,False,True,False,False,True,False,False,False,False,False,False,False,False,False,False,True,False,False,True,False,False,-0.45503896558520224,-0.4288154815385896,-0.3336984726090336,-0.5609748304808925
0,1,0,58.0,0,2,113.275,1,113.275,4.738607824217808,3,0,True,False,False,False,False,True,False,False,False,False,False,True,False,False,False,False,False,False,False,False,True,False,2.1407625263238637,1.9305821262271863,1.834129231109428,0.6792945838081278
1,1,0,50.0,2,0,133.65,0,133.65,4.902678819257608,3,0,False,False,True,False,False,False,False,True,False,False,False,False,False,False,False,False,True,False,False,False,True,False,1.547436471030363,2.4099910143670784,2.003535801391161,0.6792945838081278
0,3,0,40.0,0,0,7.225,0,7.225,2.1071782966514356,1,1,True,False,False,False,False,True,False,False,False,False,False,False,False,False,False,False,True,False,False,False,True,False,0.805778901913487,-0.5646970191586081,-0.8828741679067217,-0.5609748304808925
0,1,0,47.0,0,0,25.5875,1,25.5875,3.2804411805263554,1,1,False,False,True,False,False,True,False,False,False,False,False,False,True,False,False,False,False,False,False,False,True,False,1.3249392002953002,-0.1326407880681164,0.32854312829417104,-0.5609748304808925
0,3,0,36.0,0,0,7.4958,0,7.4958,2.139571923732859,1,1,False,False,True,False,False,True,False,False,False,False,False,False,False,False,False,False,True,False,False,False,True,False,0.5091158742667365,-0.558325292684582,-0.8494271027413144,-0.5609748304808925
1,3,0,20.0,1,0,7.925,0,7.925,2.188856327665703,2,0,False,False,True,False,False,True,False,False,False,False,False,False,False,False,False,False,True,False,False,True,False,False,-0.677536236320265,-0.548226529750121,-0.798539974052802,0.059159876663617626
0,2,0,32.0,2,0,73.5,0,73.5,4.310799125385514,3,0,False,False,True,False,False,True,False,False,False,False,False,False,False,False,False,False,True,False,False,True,False,False,0.21245284661998617,0.994705388766366,1.3924082286355355,0.6792945838081278
0,2,0,25.0,0,0,13.0,0,13.0,2.6390573296152584,1,1,False,False,True,False,False,True,False,False,False,False,False,False,False,False,False,False,True,False,False,True,False,False,-0.30670745176182707,-0.4288154815385896,-0.3336984726090336,-0.5609748304808925
0,3,0,26.0,0,0,7.775,0,7.775,2.1719067693519296,1,1,False,False,True,False,False,True,False,False,False,False,False,False,False,False,False,False,True,False,False,True,False,False,-0.23254169485013945,-0.551755920337654,-0.8160407306065733,-0.5609748304808925
0,3,0,43.0,0,0,8.05,0,8.05,2.2027647577118348,1,1,False,False,True,False,False,True,False,False,False,False,False,False,False,False,False,False,True,False,False,False,True,False,1.0282761726485499,-0.5452853709271769,-0.7841792430073967,-0.5609748304808925
1,1,1,40.0,1,0,52.0,1,52.0,3.970291913552122,2,0,False,False,True,False,False,False,True,False,False,False,True,False,False,False,False,False,False,False,False,False,True,False,0.805778901913487,0.4888260712199769,1.0408277503255374,0.059159876663617626
1,2,1,40.0,1,1,39.0,0,39.0,3.6888794541139363,3,0,False,False,True,False,False,False,True,False,False,False,False,False,False,False,False,False,True,False,False,False,True,False,0.805778901913487,0.18294555363378806,0.750263780890198,0.6792945838081278
0,1,0,31.0,1,0,52.0,1,52.0,3.970291913552122,2,0,False,False,True,False,False,True,False,False,False,True,False,False,False,False,False,False,False,False,False,True,False,False,0.13828708970829856,0.4888260712199769,1.0408277503255374,0.059159876663617626
0,2,0,70.0,0,0,10.5,0,10.5,2.4423470353692043,1,1,False,False,True,False,False,True,False,False,False,False,False,False,False,False,False,False,True,False,False,False,False,True,3.0307516092641147,-0.4876386579974721,-0.5368057694182641,-0.5609748304808925
1,2,0,31.0,0,0,13.0,0,13.0,2.6390573296152584,1,1,False,False,True,False,False,True,False,False,False,False,False,False,False,False,False,False,True,False,False,True,False,False,0.13828708970829856,-0.4288154815385896,-0.3336984726090336,-0.5609748304808925
0,2,0,31.0,0,0,0.0,0,0.0,0.0,1,1,False,False,True,False,False,True,False,False,False,False,False,False,False,False,False,False,True,False,False,True,False,False,0.13828708970829856,-0.7346959991247785,-3.0585777291682934,-0.5609748304808925
0,3,0,18.0,0,0,7.775,0,7.775,2.1719067693519296,1,1,False,False,True,False,False,True,False,False,False,False,False,False,False,False,False,False,True,False,True,False,False,False,-0.8258677501436402,-0.551755920337654,-0.8160407306065733,-0.5609748304808925
0,3,0,24.5,0,0,8.05,0,8.05,2.2027647577118348,1,1,False,False,True,False,False,True,False,False,False,False,False,False,False,False,False,False,True,False,False,True,False,False,-0.34379033021767086,-0.5452853709271769,-0.7841792430073967,-0.5609748304808925
1,3,1,18.0,0,0,9.8417,0,9.8417,2.3833998102837652,1,1,False,False,True,False,True,False,False,False,False,False,False,False,False,False,False,False,True,False,True,False,False,False,-0.8258677501436402,-0.503127976822625,-0.597669953407196,-0.5609748304808925
0,3,1,43.0,1,6,46.9,0,46.9,3.8691155044168695,8,0,False,False,True,False,False,False,True,False,False,False,False,False,False,False,False,False,True,False,False,False,True,False,1.0282761726485499,0.36882679124385664,0.936361092700485,3.779968119530679
1,1,0,36.0,0,1,512.3292,1,249.00622000000035,6.240917354759096,2,0,True,False,False,False,False,True,False,False,False,True,False,False,False,False,False,False,False,False,False,False,True,False,0.5091158742667365,5.124238728242953,3.3852937438182273,0.059159876663617626
0,3,1,18.0,0,0,8.1375,0,8.1375,2.212386825075897,1,1,False,True,False,False,True,False,False,False,False,False,False,False,False,False,False,False,True,False,True,False,False,False,-0.8258677501436402,-0.543226559751116,-0.774244266805356,-0.5609748304808925
1,1,0,27.0,0,0,76.7292,1,76.7292,4.353230991152628,1,1,True,False,False,False,False,True,False,False,False,False,False,True,False,False,False,False,False,False,False,True,False,False,-0.15837593793845184,1.0706861093347755,1.4362199751817062,-0.5609748304808925
0,3,0,20.0,0,0,9.225,0,9.225,2.3248357019288655,1,1,False,False,True,False,False,True,False,False,False,False,False,False,False,False,False,False,True,False,False,True,False,False,-0.677536236320265,-0.5176384779915022,-0.658138561741074,-0.5609748304808925
0,3,0,14.0,5,2,46.9,0,46.9,3.8691155044168695,8,0,False,False,True,False,False,True,False,False,False,False,False,False,False,False,False,False,True,False,True,False,False,False,-1.1225307777903908,0.36882679124385664,0.936361092700485,3.779968119530679
0,2,0,60.0,1,1,39.0,0,39.0,3.6888794541139363,3,0,False,False,True,False,False,True,False,False,False,False,False,False,False,False,False,False,True,False,False,False,True,False,2.2890940401472393,0.18294555363378806,0.750263780890198,0.6792945838081278
0,2,0,25.0,1,2,41.5792,0,41.5792,3.7513658711253766,4,0,True,False,False,False,False,True,False,False,False,False,False,False,False,False,False,False,True,False,False,True,False,False,-0.30670745176182707,0.24363224832288793,0.8147822510349934,1.299429290952638
0,3,0,14.0,4,1,39.6875,0,39.6875,3.705920919968788,6,0,False,False,True,False,False,True,False,False,False,False,False,False,False,False,False,False,True,False,True,False,False,False,-1.1225307777903908,0.19912192715998075,0.7678594338107121,2.5396987052416584
0,3,0,19.0,0,0,10.1708,0,10.1708,2.4133032309283076,1,1,False,False,True,False,False,True,False,False,False,False,False,False,False,False,False,False,True,False,False,True,False,False,-0.7517019932319526,-0.49538449387357775,-0.5667940759868451,-0.5609748304808925
0,3,0,18.0,0,0,7.7958,0,7.7958,2.174274334826008,1,1,False,False,True,False,False,True,False,False,False,False,False,False,False,False,False,False,True,False,True,False,False,False,-0.8258677501436402,-0.5512665115095161,-0.8135961720983267,-0.5609748304808925
1,1,1,15.0,0,1,211.3375,1,211.3375,5.35817698994543,2,0,False,False,True,False,True,False,False,False,False,True,False,False,False,False,False,False,False,False,True,False,False,False,-1.048365020878703,4.237921222826851,2.4738467350641637,0.059159876663617626
1,1,0,31.0,1,0,57.0,1,57.0,4.060443010546419,2,0,False,False,True,False,False,True,False,False,False,True,False,False,False,False,False,False,False,False,False,True,False,False,0.13828708970829856,0.6064724241377418,1.1339105535671157,0.059159876663617626
1,3,1,4.0,0,1,13.4167,0,13.4167,2.668387256845834,2,0,True,False,False,False,True,False,False,False,False,False,False,False,False,False,False,False,True,True,False,False,False,False,-1.8641883469072666,-0.419010834486423,-0.3034147385612252,0.059159876663617626
1,3,0,26.0,0,0,56.4958,0,56.4958,4.05171190165724,1,1,False,False,True,False,False,True,False,False,False,False,False,False,False,False,False,False,True,False,False,True,False,False,-0.23254169485013945,0.5946089659095145,1.1248955097361604,-0.5609748304808925
0,3,0,25.0,0,0,7.225,0,7.225,2.1071782966514356,1,1,True,False,False,False,False,True,False,False,False,False,False,False,False,False,False,False,True,False,False,True,False,False,-0.30670745176182707,-0.5646970191586081,-0.8828741679067217,-0.5609748304808925
0,1,0,60.0,0,0,26.55,0,26.55,3.3160025355989236,1,1,False,False,True,False,False,False,False,True,False,False,False,False,False,False,False,False,True,False,False,False,True,False,2.2890940401472393,-0.10999386513144661,0.36526093570402607,-0.5609748304808925
0,2,0,52.0,0,0,13.5,0,13.5,2.6741486494265287,1,1,False,False,True,False,False,True,False,False,False,False,False,False,False,False,False,False,True,False,False,False,True,False,1.6957679848537381,-0.4170508462468131,-0.29746598596845064,-0.5609748304808925
0,3,0,44.0,0,0,8.05,0,8.05,2.2027647577118348,1,1,False,False,True,False,False,True,False,False,False,False,False,False,False,False,False,False,True,False,False,False,True,False,1.1024419295602375,-0.5452853709271769,-0.7841792430073967,-0.5609748304808925
1,3,1,18.0,0,0,7.7333,0,7.7333,2.167143305297764,1,1,False,True,False,False,True,False,False,False,False,False,False,False,False,False,False,False,True,False,True,False,False,False,-0.8258677501436402,-0.5527370909209881,-0.8209591021193487,-0.5609748304808925
0,1,0,49.0,1,1,110.8833,1,110.8833,4.717456363787216,3,0,True,False,False,False,False,True,False,False,False,False,True,False,False,False,False,False,False,False,False,False,True,False,1.4732707141186754,1.8743071697725027,1.812289926928167,0.6792945838081278
0,3,0,42.0,0,0,7.65,1,7.65,2.157559320943788,1,1,False,False,True,False,False,True,False,False,False,False,False,False,False,True,False,False,False,False,False,False,True,False,0.9541104157368622,-0.5546970791605981,-0.830854756854953,-0.5609748304808925
1,1,1,18.0,1,0,227.525,1,227.525,5.4316456135398825,2,0,True,False,False,False,False,False,True,False,False,False,True,False,False,False,False,False,False,False,True,False,False,False,-0.8258677501436402,4.618801290398115,2.5497045522452972,0.059159876663617626
1,1,0,35.0,0,0,26.2875,1,26.2875,3.3064287218760624,1,1,False,False,True,False,False,True,False,False,False,False,False,False,True,False,False,False,False,False,False,True,False,False,0.43495011735504896,-0.11617029865962926,0.3553757823476229,-0.5609748304808925
0,3,1,18.0,0,1,14.4542,0,14.4542,2.737880811060884,2,0,True,False,False,False,True,False,False,False,False,False,False,False,False,False,False,False,True,False,True,False,False,False,-0.8258677501436402,-0.3945992162559869,-0.23166125968823223,0.059159876663617626
0,3,0,25.0,0,0,7.7417,0,7.7417,2.1681046787623672,1,1,False,True,False,False,False,True,False,False,False,False,False,False,False,False,False,False,True,False,False,True,False,False,-0.30670745176182707,-0.5525394450480864,-0.8199664648688783,-0.5609748304808925
0,3,0,26.0,1,0,7.8542,0,7.8542,2.180891922715322,2,0,False,False,True,False,False,True,False,False,False,False,False,False,False,False,False,False,True,False,False,True,False,False,-0.23254169485013945,-0.5498924021074366,-0.806763380796033,0.059159876663617626
0,2,0,39.0,0,0,26.0,0,26.0,3.295836866004329,1,1,False,False,True,False,False,True,False,False,False,False,False,False,False,False,False,False,True,False,False,False,True,False,0.7316131450017994,-0.12293496395240078,0.3444394801955362,-0.5609748304808925
1,2,1,45.0,0,0,13.5,0,13.5,2.6741486494265287,1,1,False,False,True,False,False,False,True,False,False,False,False,False,False,False,False,False,True,False,False,False,True,False,1.176607686471925,-0.4170508462468131,-0.29746598596845064,-0.5609748304808925
1,1,0,42.0,0,0,26.2875,1,26.2875,3.3064287218760624,1,1,False,False,True,False,False,True,False,False,False,False,False,False,True,False,False,False,False,False,False,False,True,False,0.9541104157368622,-0.11617029865962926,0.3553757823476229,-0.5609748304808925
1,1,1,22.0,0,0,151.55,0,151.55,5.027492411162679,1,1,False,False,True,False,True,False,False,False,False,False,False,False,False,False,False,False,True,False,False,True,False,False,-0.5292047224968899,2.831164957812677,2.132408321022389,-0.5609748304808925
1,3,0,4.0,1,1,15.2458,0,15.2458,2.7878344138303452,3,0,True,False,False,True,False,False,False,False,False,False,False,False,False,False,False,False,True,True,False,False,False,False,-1.8641883469072666,-0.3759734456620463,-0.1800831698720664,0.6792945838081278
1,1,1,24.0,0,0,49.5042,1,49.5042,3.922056501139853,1,1,True,False,False,False,True,False,False,False,False,False,True,False,False,False,False,False,False,False,False,True,False,False,-0.38087320867351465,0.4301017176975453,0.9910237262754293,-0.5609748304808925
0,1,0,40.0,0,0,26.55,1,26.55,3.3160025355989236,1,1,False,False,True,False,False,True,False,False,False,False,True,False,False,False,False,False,False,False,False,False,True,False,0.805778901913487,-0.10999386513144661,0.36526093570402607,-0.5609748304808925
1,1,0,48.0,1,0,52.0,1,52.0,3.970291913552122,2,0,False,False,True,False,False,True,False,False,False,False,True,False,False,False,False,False,False,False,False,False,True,False,1.3991049572069878,0.4888260712199769,1.0408277503255374,0.059159876663617626
0,3,0,29.0,0,0,9.4833,0,9.4833,2.3497835148230464,1,1,False,False,True,False,False,True,False,False,False,False,False,False,False,False,False,False,True,False,False,True,False,False,-0.010044424115076634,-0.5115608673997704,-0.6323794480268654,-0.5609748304808925
0,2,0,52.0,0,0,13.0,0,13.0,2.6390573296152584,1,1,False,False,True,False,False,True,False,False,False,False,False,False,False,False,False,False,True,False,False,False,True,False,1.6957679848537381,-0.4288154815385896,-0.3336984726090336,-0.5609748304808925
0,3,0,19.0,0,0,7.65,1,7.65,2.157559320943788,1,1,False,False,True,False,False,True,False,False,False,False,False,False,False,True,False,False,False,False,False,True,False,False,-0.7517019932319526,-0.5546970791605981,-0.830854756854953,-0.5609748304808925
1,1,1,38.0,0,0,227.525,1,227.525,5.4316456135398825,1,1,True,False,False,False,True,False,False,False,False,False,True,False,False,False,False,False,False,False,False,False,True,False,0.6574473880901118,4.618801290398115,2.5497045522452972,-0.5609748304808925
1,2,1,27.0,0,0,10.5,1,10.5,2.4423470353692043,1,1,False,False,True,False,True,False,False,False,False,False,False,False,True,False,False,False,False,False,False,True,False,False,-0.15837593793845184,-0.4876386579974721,-0.5368057694182641,-0.5609748304808925
0,3,0,26.0,0,0,15.5,0,15.5,2.803360380906535,1,1,False,True,False,False,False,True,False,False,False,False,False,False,False,False,False,False,True,False,False,True,False,False,-0.23254169485013945,-0.36999230507970715,-0.16405229962564447,-0.5609748304808925
0,3,0,33.0,0,0,7.775,0,7.775,2.1719067693519296,1,1,False,False,True,False,False,True,False,False,False,False,False,False,False,False,False,False,True,False,False,True,False,False,0.2866186035316738,-0.551755920337654,-0.8160407306065733,-0.5609748304808925
1,2,1,6.0,0,1,33.0,0,33.0,3.5263605246161616,2,0,False,False,True,False,True,False,False,False,False,False,False,False,False,False,False,False,True,True,False,False,False,False,-1.7158568330838915,0.04176993013247014,0.5824597491940529,0.059159876663617626
0,3,0,17.0,1,0,7.0542,0,7.0542,2.086193694502369,2,0,False,False,True,False,False,True,False,False,False,False,False,False,False,False,False,False,True,False,True,False,False,False,-0.9000335070553279,-0.568715818574279,-0.9045411875888885,0.059159876663617626
0,2,0,34.0,0,0,13.0,0,13.0,2.6390573296152584,1,1,False,False,True,False,False,True,False,False,False,False,False,False,False,False,False,False,True,False,False,True,False,False,0.3607843604433614,-0.4288154815385896,-0.3336984726090336,-0.5609748304808925
0,2,0,50.0,0,0,13.0,0,13.0,2.6390573296152584,1,1,False,False,True,False,False,True,False,False,False,False,False,False,False,False,False,False,True,False,False,False,True,False,1.547436471030363,-0.4288154815385896,-0.3336984726090336,-0.5609748304808925
1,1,0,27.0,1,0,53.1,1,53.1,3.9908341858524357,2,0,False,False,True,False,False,True,False,False,False,False,False,False,True,False,False,False,False,False,False,True,False,False,-0.15837593793845184,0.5147082688618853,1.0620380556287106,0.059159876663617626
0,3,0,20.0,0,0,8.6625,0,8.6625,2.2682524139135403,1,1,False,False,True,False,False,True,False,False,False,False,False,False,False,False,False,False,True,False,False,True,False,False,-0.677536236320265,-0.5308736926947507,-0.7165619336211217,-0.5609748304808925
1,2,1,30.0,3,0,21.0,0,21.0,3.091042453358316,4,0,False,False,True,False,False,False,True,False,False,False,False,False,False,False,False,False,True,False,False,True,False,False,0.06412133279661097,-0.2405813168701657,0.1329851701219792,1.299429290952638
1,3,1,18.0,0,0,7.7375,0,7.7375,2.1676241075599285,1,1,False,True,False,False,True,False,False,False,False,False,False,False,False,False,False,False,True,False,True,False,False,False,-0.8258677501436402,-0.5526382679845372,-0.8204626642072291,-0.5609748304808925
0,2,0,25.0,1,0,26.0,0,26.0,3.295836866004329,2,0,False,False,True,False,False,True,False,False,False,False,False,False,False,False,False,False,True,False,False,True,False,False,-0.30670745176182707,-0.12293496395240078,0.3444394801955362,0.059159876663617626
0,3,1,25.0,1,0,7.925,0,7.925,2.188856327665703,2,0,False,False,True,False,True,False,False,False,False,False,False,False,False,False,False,False,True,False,False,True,False,False,-0.30670745176182707,-0.548226529750121,-0.798539974052802,0.059159876663617626
1,1,1,29.0,0,0,211.3375,1,211.3375,5.35817698994543,1,1,False,False,True,False,True,False,False,False,False,True,False,False,False,False,False,False,False,False,False,True,False,False,-0.010044424115076634,4.237921222826851,2.4738467350641637,-0.5609748304808925
0,3,0,11.0,0,0,18.7875,0,18.7875,2.9850504252071306,1,1,True,False,False,False,False,True,False,False,False,False,False,False,False,False,False,False,True,True,False,False,False,False,-1.3450280485254535,-0.29263982803627664,0.023546289947323752,-0.5609748304808925
0,2,0,31.0,0,0,0.0,0,0.0,0.0,1,1,False,False,True,False,False,True,False,False,False,False,False,False,False,False,False,False,True,False,False,True,False,False,0.13828708970829856,-0.7346959991247785,-3.0585777291682934,-0.5609748304808925
0,2,0,23.0,0,0,13.0,0,13.0,2.6390573296152584,1,1,False,False,True,False,False,True,False,False,False,False,False,False,False,False,False,False,True,False,False,True,False,False,-0.45503896558520224,-0.4288154815385896,-0.3336984726090336,-0.5609748304808925
0,2,0,23.0,0,0,13.0,0,13.0,2.6390573296152584,1,1,False,False,True,False,False,True,False,False,False,False,False,False,False,False,False,False,True,False,False,True,False,False,-0.45503896558520224,-0.4288154815385896,-0.3336984726090336,-0.5609748304808925
0,3,0,28.5,0,0,16.1,0,16.1,2.8390784635086144,1,1,False,False,True,False,False,True,False,False,False,False,False,False,False,False,False,False,True,False,False,True,False,False,-0.04712730257092044,-0.3558747427295753,-0.12717266791993012,-0.5609748304808925
0,3,1,48.0,1,3,34.375,0,34.375,3.5660053559634015,5,0,False,False,True,False,False,False,True,False,False,False,False,False,False,False,False,False,True,False,False,False,True,False,1.3991049572069878,0.0741226771848555,0.6233938271906204,1.9195639980971482
1,1,0,35.0,0,0,512.3292,1,249.00622000000035,6.240917354759096,1,1,True,False,False,False,False,True,False,False,False,True,False,False,False,False,False,False,False,False,False,True,False,False,0.43495011735504896,5.124238728242953,3.3852937438182273,-0.5609748304808925
0,3,0,26.0,0,0,7.8958,0,7.8958,2.1855792552411137,1,1,False,False,True,False,False,True,False,False,False,False,False,False,False,False,False,False,True,False,False,True,False,False,-0.23254169485013945,-0.5489135844511608,-0.8019236166026618,-0.5609748304808925
0,3,0,26.0,0,0,7.8958,0,7.8958,2.1855792552411137,1,1,False,False,True,False,False,True,False,False,False,False,False,False,False,False,False,False,True,False,False,True,False,False,-0.23254169485013945,-0.5489135844511608,-0.8019236166026618,-0.5609748304808925
1,1,0,40.0,0,0,30.0,1,30.0,3.4339872044851463,1,1,False,False,True,False,False,True,False,False,False,False,False,True,False,False,False,False,False,False,False,False,True,False,0.805778901913487,-0.02881788161818882,0.4870824563024251,-0.5609748304808925
0,1,0,36.0,1,0,78.85,1,78.85,4.380149874661021,2,0,False,False,True,False,False,True,False,False,False,False,True,False,False,False,False,False,False,False,False,False,True,False,0.5091158742667365,1.1205869863883744,1.464014258564117,0.059159876663617626
1,1,1,21.0,2,2,262.375,1,249.00622000000035,5.5735788721243535,5,0,True,False,False,False,True,False,False,False,False,True,False,False,False,False,False,False,False,False,False,True,False,False,-0.6033704794085775,5.124238728242953,2.6962534687059603,1.9195639980971482
0,3,0,24.0,1,0,16.1,0,16.1,2.8390784635086144,2,0,False,False,True,False,False,True,False,False,False,False,False,False,False,False,False,False,True,False,False,True,False,False,-0.38087320867351465,-0.3558747427295753,-0.12717266791993012,0.059159876663617626
1,3,0,31.0,0,0,7.925,0,7.925,2.188856327665703,1,1,False,False,True,False,False,True,False,False,False,False,False,False,False,False,False,False,True,False,False,True,False,False,0.13828708970829856,-0.548226529750121,-0.798539974052802,-0.5609748304808925
0,1,0,70.0,1,1,71.0,1,71.0,4.276666119016055,3,0,False,False,True,False,False,False,False,True,False,True,False,False,False,False,False,False,False,False,False,False,False,True,3.0307516092641147,0.9358822123074836,1.3571652197109427,0.6792945838081278
0,3,0,16.0,1,1,20.25,0,20.25,3.056356895370426,3,0,False,False,True,False,False,True,False,False,False,False,False,False,False,False,False,False,True,False,True,False,False,False,-0.9741992639670155,-0.2582282698078304,0.0971716406458445,0.6792945838081278
1,2,1,30.0,0,0,13.0,0,13.0,2.6390573296152584,1,1,False,False,True,False,True,False,False,False,False,False,False,False,False,False,False,False,True,False,False,True,False,False,0.06412133279661097,-0.4288154815385896,-0.3336984726090336,-0.5609748304808925
0,1,0,19.0,1,0,53.1,1,53.1,3.9908341858524357,2,0,False,False,True,False,False,True,False,False,False,False,False,True,False,False,False,False,False,False,False,True,False,False,-0.7517019932319526,0.5147082688618853,1.0620380556287106,0.059159876663617626
0,3,0,31.0,0,0,7.75,0,7.75,2.169053700369523,1,1,False,True,False,False,False,True,False,False,False,False,False,False,False,False,False,False,True,False,False,True,False,False,0.13828708970829856,-0.5523441521022427,-0.8189865811572414,-0.5609748304808925
1,2,1,4.0,1,1,23.0,0,23.0,3.1780538303479458,3,0,False,False,True,False,True,False,False,False,False,False,False,False,False,False,False,False,True,True,False,False,False,False,-1.8641883469072666,-0.19352277570305973,0.2228261499229997,0.6792945838081278
1,3,0,6.0,0,1,12.475,1,12.475,2.600836116795061,2,0,False,False,True,True,False,False,False,False,False,False,False,False,True,False,False,False,False,True,False,False,False,False,-1.7158568330838915,-0.44116834859495496,-0.37316263612134226,0.059159876663617626
0,3,0,33.0,0,0,9.5,0,9.5,2.3513752571634776,1,1,False,False,True,False,False,True,False,False,False,False,False,False,False,False,False,False,True,False,False,True,False,False,0.2866186035316738,-0.5111679285810251,-0.6307359423566569,-0.5609748304808925
0,3,0,23.0,0,0,7.8958,0,7.8958,2.1855792552411137,1,1,False,False,True,False,False,True,False,False,False,False,False,False,False,False,False,False,True,False,False,True,False,False,-0.45503896558520224,-0.5489135844511608,-0.8019236166026618,-0.5609748304808925
1,2,1,48.0,1,2,65.0,0,65.0,4.189654742026425,4,0,False,False,True,False,False,False,True,False,False,False,False,False,False,False,False,False,True,False,False,False,True,False,1.3991049572069878,0.7947065888061656,1.2673242399099218,1.299429290952638
1,2,0,0.67,1,1,14.5,0,14.5,2.740840023925201,3,0,False,False,True,True,False,False,False,False,False,False,False,False,False,False,False,False,True,True,False,False,False,False,-2.1111603174231863,-0.3935215756632601,-0.2286058134653583,0.6792945838081278
0,3,0,28.0,0,0,7.7958,0,7.7958,2.174274334826008,1,1,False,False,True,False,False,True,False,False,False,False,False,False,False,False,False,False,True,False,False,True,False,False,-0.08421018102676424,-0.5512665115095161,-0.8135961720983267,-0.5609748304808925
0,2,0,18.0,0,0,11.5,0,11.5,2.5257286443082556,1,1,False,False,True,False,False,True,False,False,False,False,False,False,False,False,False,False,True,False,True,False,False,False,-0.8258677501436402,-0.4641093874139191,-0.4507125974257932,-0.5609748304808925
0,3,0,34.0,0,0,8.05,0,8.05,2.2027647577118348,1,1,False,False,True,False,False,True,False,False,False,False,False,False,False,False,False,False,True,False,False,True,False,False,0.3607843604433614,-0.5452853709271769,-0.7841792430073967,-0.5609748304808925
1,1,1,33.0,0,0,86.5,1,86.5,4.471638793363569,1,1,False,False,True,False,False,False,False,True,False,True,False,False,False,False,False,False,False,False,False,True,False,False,0.2866186035316738,1.3005859063525549,1.5584783893656837,-0.5609748304808925
0,3,0,26.0,0,0,14.5,0,14.5,2.740840023925201,1,1,False,False,True,False,False,True,False,False,False,False,False,False,False,False,False,False,True,False,False,True,False,False,-0.23254169485013945,-0.3935215756632601,-0.2286058134653583,-0.5609748304808925
0,3,0,41.0,0,0,7.125,0,7.125,2.094945728215801,1,1,False,False,True,False,False,True,False,False,False,False,False,False,False,False,False,False,True,False,False,False,True,False,0.8799446588251746,-0.5670499462169634,-0.8955045384601199,-0.5609748304808925
1,3,0,20.0,0,0,7.2292,0,7.2292,2.1076888046179385,1,1,True,False,False,False,False,True,False,False,False,False,False,False,False,False,False,False,True,False,False,True,False,False,-0.677536236320265,-0.5645981962221572,-0.8823470582632056,-0.5609748304808925
1,1,1,36.0,1,2,120.0,1,120.0,4.795790545596741,4,0,False,False,True,False,False,False,True,False,False,True,False,False,False,False,False,False,False,False,False,False,True,False,0.5091158742667365,2.08881647090158,1.8931715298766851,1.299429290952638
0,3,0,16.0,0,0,7.775,0,7.775,2.1719067693519296,1,1,False,False,True,False,False,True,False,False,False,False,False,False,False,False,False,False,True,False,True,False,False,False,-0.9741992639670155,-0.551755920337654,-0.8160407306065733,-0.5609748304808925
1,1,1,51.0,1,0,77.9583,1,77.9583,4.368919865004903,2,0,False,False,True,False,False,False,True,False,False,False,False,True,False,False,False,False,False,False,False,False,True,False,1.6216022279420506,1.0996059358090202,1.452419049919151,0.059159876663617626
0,1,0,48.5,0,0,39.6,0,39.6,3.703768066607687,1,1,True,False,False,False,False,False,False,True,False,False,False,False,False,False,False,False,True,False,False,False,True,False,1.4361878356628317,0.1970631159839199,0.7656365698356679,-0.5609748304808925
0,3,1,30.5,0,0,7.75,0,7.75,2.169053700369523,1,1,False,True,False,False,True,False,False,False,False,False,False,False,False,False,False,False,True,False,False,True,False,False,0.10120421125245477,-0.5523441521022427,-0.8189865811572414,-0.5609748304808925
0,3,0,26.0,1,0,24.15,0,24.15,3.224857896545748,2,0,False,True,False,False,False,True,False,False,False,False,False,False,False,False,False,False,True,False,False,True,False,False,-0.23254169485013945,-0.16646411453197382,0.2711522804976662,0.059159876663617626
0,3,0,32.0,0,0,8.3625,0,8.3625,2.236712348843338,1,1,False,False,True,False,False,True,False,False,False,False,False,False,False,False,False,False,True,False,False,True,False,False,0.21245284661998617,-0.5379324738698166,-0.7491276790090223,-0.5609748304808925
0,3,0,24.0,0,0,9.5,0,9.5,2.3513752571634776,1,1,False,False,True,False,False,True,False,False,False,False,False,False,False,False,False,False,True,False,False,True,False,False,-0.38087320867351465,-0.5111679285810251,-0.6307359423566569,-0.5609748304808925
0,3,0,48.0,0,0,7.8542,0,7.8542,2.180891922715322,1,1,False,False,True,False,False,True,False,False,False,False,False,False,False,False,False,False,True,False,False,False,True,False,1.3991049572069878,-0.5498924021074366,-0.806763380796033,-0.5609748304808925
0,2,1,57.0,0,0,10.5,1,10.5,2.4423470353692043,1,1,False,False,True,False,False,False,True,False,False,False,False,False,True,False,False,False,False,False,False,False,True,False,2.0665967694121763,-0.4876386579974721,-0.5368057694182641,-0.5609748304808925
0,3,0,26.0,0,0,7.225,0,7.225,2.1071782966514356,1,1,True,False,False,False,False,True,False,False,False,False,False,False,False,False,False,False,True,False,False,True,False,False,-0.23254169485013945,-0.5646970191586081,-0.8828741679067217,-0.5609748304808925
1,2,1,54.0,1,3,23.0,0,23.0,3.1780538303479458,5,0,False,False,True,False,False,False,True,False,False,False,False,False,False,False,False,False,True,False,False,False,True,False,1.8440994986771135,-0.19352277570305973,0.2228261499229997,1.9195639980971482
0,3,0,18.0,0,0,7.75,0,7.75,2.169053700369523,1,1,False,False,True,False,False,True,False,False,False,False,False,False,False,False,False,False,True,False,True,False,False,False,-0.8258677501436402,-0.5523441521022427,-0.8189865811572414,-0.5609748304808925
0,3,0,26.0,0,0,7.75,1,7.75,2.169053700369523,1,1,False,True,False,False,False,True,False,False,False,False,False,False,False,True,False,False,False,False,False,True,False,False,-0.23254169485013945,-0.5523441521022427,-0.8189865811572414,-0.5609748304808925
1,3,1,5.0,0,0,12.475,0,12.475,2.600836116795061,1,1,False,False,True,False,True,False,False,False,False,False,False,False,False,False,False,False,True,True,False,False,False,False,-1.790022589995579,-0.44116834859495496,-0.37316263612134226,-0.5609748304808925
0,3,0,26.0,0,0,7.7375,0,7.7375,2.1676241075599285,1,1,False,True,False,False,False,True,False,False,False,False,False,False,False,False,False,False,True,False,False,True,False,False,-0.23254169485013945,-0.5526382679845372,-0.8204626642072291,-0.5609748304808925
1,1,1,43.0,0,1,211.3375,1,211.3375,5.35817698994543,2,0,False,False,True,False,False,False,True,False,False,True,False,False,False,False,False,False,False,False,False,False,True,False,1.0282761726485499,4.237921222826851,2.4738467350641637,0.059159876663617626
1,3,1,13.0,0,0,7.2292,0,7.2292,2.1076888046179385,1,1,True,False,False,False,True,False,False,False,False,False,False,False,False,False,False,False,True,False,True,False,False,False,-1.1966965347020784,-0.5645981962221572,-0.8823470582632056,-0.5609748304808925
1,1,1,17.0,1,0,57.0,1,57.0,4.060443010546419,2,0,False,False,True,False,False,False,True,False,False,True,False,False,False,False,False,False,False,False,True,False,False,False,-0.9000335070553279,0.6064724241377418,1.1339105535671157,0.059159876663617626
0,1,0,29.0,0,0,30.0,1,30.0,3.4339872044851463,1,1,False,False,True,False,False,True,False,False,False,False,False,True,False,False,False,False,False,False,False,True,False,False,-0.010044424115076634,-0.02881788161818882,0.4870824563024251,-0.5609748304808925
0,3,0,26.0,1,2,23.45,0,23.45,3.196630215920881,4,0,False,False,True,False,False,True,False,False,False,False,False,False,False,False,False,False,True,False,False,True,False,False,-0.23254169485013945,-0.1829346039404609,0.24200663802437702,1.299429290952638
0,3,0,25.0,0,0,7.05,0,7.05,2.085672091430472,1,1,False,False,True,False,False,True,False,False,False,False,False,False,False,False,False,False,True,False,False,True,False,False,-0.30670745176182707,-0.5688146415107299,-0.9050797531497122,-0.5609748304808925
0,3,0,25.0,0,0,7.25,0,7.25,2.1102132003465894,1,1,False,False,True,False,False,True,False,False,False,False,False,False,False,False,False,False,True,False,False,True,False,False,-0.30670745176182707,-0.5641087873940193,-0.8797405693934278,-0.5609748304808925
1,3,1,18.0,0,0,7.4958,0,7.4958,2.139571923732859,1,1,False,False,True,False,True,False,False,False,False,False,False,False,False,False,False,False,True,False,True,False,False,False,-0.8258677501436402,-0.558325292684582,-0.8494271027413144,-0.5609748304808925
0,3,0,8.0,4,1,29.125,0,29.125,3.405355391810819,6,0,False,True,False,True,False,False,False,False,False,False,False,False,False,False,False,False,True,True,False,False,False,False,-1.5675253192605163,-0.04940599337879768,0.457519539438721,2.5396987052416584
1,3,0,1.0,1,2,20.575,0,20.575,3.0715352369694915,4,0,False,False,True,True,False,False,False,False,False,False,False,False,False,False,False,False,True,True,False,False,False,False,-2.0866856176423294,-0.25058125686817573,0.11284358066326507,1.299429290952638
0,1,0,46.0,0,0,79.2,1,79.2,4.384523514872469,1,1,True,False,False,False,False,True,False,False,False,True,False,False,False,False,False,False,False,False,False,False,True,False,1.2507734433836126,1.1288222310926181,1.4685301291949246,-0.5609748304808925
0,3,0,26.0,0,0,7.75,0,7.75,2.169053700369523,1,1,False,True,False,False,False,True,False,False,False,False,False,False,False,False,False,False,True,False,False,True,False,False,-0.23254169485013945,-0.5523441521022427,-0.8189865811572414,-0.5609748304808925
0,2,0,16.0,0,0,26.0,0,26.0,3.295836866004329,1,1,False,False,True,False,False,True,False,False,False,False,False,False,False,False,False,False,True,False,True,False,False,False,-0.9741992639670155,-0.12293496395240078,0.3444394801955362,-0.5609748304808925
0,3,1,18.0,8,2,69.55,0,69.55,4.256321678298823,11,0,False,False,True,False,True,False,False,False,False,False,False,False,False,False,False,False,True,False,True,False,False,False,-0.8258677501436402,0.9017647699613317,1.3361591794576348,5.64037224096421
0,1,0,40.0,0,0,30.6958,0,30.6958,3.4561841799918147,1,1,True,False,False,False,False,True,False,False,False,False,False,False,False,False,False,False,True,False,False,False,True,False,0.805778901913487,-0.012446215146152687,0.5100012756239033,-0.5609748304808925
0,3,0,25.0,0,0,7.8958,0,7.8958,2.1855792552411137,1,1,False,False,True,False,False,True,False,False,False,False,False,False,False,False,False,False,True,False,False,True,False,False,-0.30670745176182707,-0.5489135844511608,-0.8019236166026618,-0.5609748304808925
0,2,0,39.0,0,0,13.0,0,13.0,2.6390573296152584,1,1,False,False,True,False,False,True,False,False,False,False,False,False,False,False,False,False,True,False,False,False,True,False,0.7316131450017994,-0.4288154815385896,-0.3336984726090336,-0.5609748304808925
1,1,1,49.0,0,0,25.9292,1,25.9292,3.2932111997353943,1,1,False,False,True,False,False,False,False,True,False,False,False,True,False,False,False,False,False,False,False,False,True,False,1.4732707141186754,-0.12460083630971629,0.3417284274758476,-0.5609748304808925
1,3,1,31.0,0,0,8.6833,0,8.6833,2.270402752283094,1,1,False,False,True,False,False,False,True,False,False,False,False,False,False,False,False,False,True,False,False,True,False,False,0.13828708970829856,-0.5303842838666128,-0.7143416664249429,-0.5609748304808925
0,3,0,30.0,0,0,7.2292,0,7.2292,2.1076888046179385,1,1,True,False,False,False,False,True,False,False,False,False,False,False,False,False,False,False,True,False,False,True,False,False,0.06412133279661097,-0.5645981962221572,-0.8823470582632056,-0.5609748304808925
0,3,1,30.0,1,1,24.15,0,24.15,3.224857896545748,3,0,False,False,True,False,False,False,True,False,False,False,False,False,False,False,False,False,True,False,False,True,False,False,0.06412133279661097,-0.16646411453197382,0.2711522804976662,0.6792945838081278
0,2,0,34.0,0,0,13.0,0,13.0,2.6390573296152584,1,1,False,False,True,False,False,True,False,False,False,False,False,False,False,False,False,False,True,False,False,True,False,False,0.3607843604433614,-0.4288154815385896,-0.3336984726090336,-0.5609748304808925
1,2,1,31.0,1,1,26.25,0,26.25,3.305053521109253,3,0,False,False,True,False,False,False,True,False,False,False,False,False,False,False,False,False,True,False,False,True,False,False,0.13828708970829856,-0.11705264630651252,0.35395586016517094,0.6792945838081278
1,1,0,11.0,1,2,120.0,1,120.0,4.795790545596741,4,0,False,False,True,True,False,False,False,False,False,True,False,False,False,False,False,False,False,True,False,False,False,False,-1.3450280485254535,2.08881647090158,1.8931715298766851,1.299429290952638
1,3,0,0.42,0,1,8.5167,0,8.5167,2.2530481500547457,2,0,True,False,False,True,False,False,False,False,False,False,False,False,False,False,False,False,True,True,False,False,False,False,-2.1297017566511083,-0.5343042603458327,-0.7322606388880221,0.059159876663617626
1,3,0,27.0,0,0,6.975,0,6.975,2.076311648670908,1,1,False,False,True,False,False,True,False,False,False,False,False,False,False,False,False,False,True,False,False,True,False,False,-0.15837593793845184,-0.5705793368044965,-0.9147445967366699,-0.5609748304808925
0,3,0,31.0,0,0,7.775,0,7.775,2.1719067693519296,1,1,False,False,True,False,False,True,False,False,False,False,False,False,False,False,False,False,True,False,False,True,False,False,0.13828708970829856,-0.551755920337654,-0.8160407306065733,-0.5609748304808925
0,1,0,39.0,0,0,0.0,1,0.0,0.0,1,1,False,False,True,False,False,True,False,False,True,False,False,False,False,False,False,False,False,False,False,False,True,False,0.7316131450017994,-0.7346959991247785,-3.0585777291682934,-0.5609748304808925
0,3,1,18.0,0,0,7.775,0,7.775,2.1719067693519296,1,1,False,False,True,False,True,False,False,False,False,False,False,False,False,False,False,False,True,False,True,False,False,False,-0.8258677501436402,-0.551755920337654,-0.8160407306065733,-0.5609748304808925
0,2,0,39.0,0,0,13.0,0,13.0,2.6390573296152584,1,1,False,False,True,False,False,True,False,False,False,False,False,False,False,False,False,False,True,False,False,False,True,False,0.7316131450017994,-0.4288154815385896,-0.3336984726090336,-0.5609748304808925
1,1,1,33.0,1,0,53.1,1,53.1,3.9908341858524357,2,0,False,False,True,False,False,False,True,False,False,False,False,False,True,False,False,False,False,False,False,True,False,False,0.2866186035316738,0.5147082688618853,1.0620380556287106,0.059159876663617626
0,3,0,26.0,0,0,7.8875,0,7.8875,2.1846457951293594,1,1,False,False,True,False,False,True,False,False,False,False,False,False,False,False,False,False,True,False,False,True,False,False,-0.23254169485013945,-0.5491088773970043,-0.8028874327603485,-0.5609748304808925
0,3,0,39.0,0,0,24.15,0,24.15,3.224857896545748,1,1,False,False,True,False,False,True,False,False,False,False,False,False,False,False,False,False,True,False,False,False,True,False,0.7316131450017994,-0.16646411453197382,0.2711522804976662,-0.5609748304808925
0,2,0,35.0,0,0,10.5,0,10.5,2.4423470353692043,1,1,False,False,True,False,False,True,False,False,False,False,False,False,False,False,False,False,True,False,False,True,False,False,0.43495011735504896,-0.4876386579974721,-0.5368057694182641,-0.5609748304808925
0,3,1,6.0,4,2,31.275,0,31.275,3.4742929367327062,7,0,False,False,True,False,True,False,False,False,False,False,False,False,False,False,False,False,True,True,False,False,False,False,-1.7158568330838915,0.0011819383758412065,0.5286989276421437,3.1598334123861687
0,3,0,30.5,0,0,8.05,0,8.05,2.2027647577118348,1,1,False,False,True,False,False,True,False,False,False,False,False,False,False,False,False,False,True,False,False,True,False,False,0.10120421125245477,-0.5452853709271769,-0.7841792430073967,-0.5609748304808925
0,1,0,40.0,0,0,0.0,1,0.0,0.0,1,1,False,False,True,False,False,True,False,False,False,True,False,False,False,False,False,False,False,False,False,False,True,False,0.805778901913487,-0.7346959991247785,-3.0585777291682934,-0.5609748304808925
0,3,1,23.0,0,0,7.925,0,7.925,2.188856327665703,1,1,False,False,True,False,True,False,False,False,False,False,False,False,False,False,False,False,True,False,False,True,False,False,-0.45503896558520224,-0.548226529750121,-0.798539974052802,-0.5609748304808925
0,2,0,31.0,1,1,37.0042,0,37.0042,3.637696679934592,3,0,True,False,False,False,False,True,False,False,False,False,False,False,False,False,False,False,True,False,False,True,False,False,0.13828708970829856,0.13598583540313294,0.6974165471111633,0.6792945838081278
0,3,0,43.0,0,0,6.45,0,6.45,2.0082140323914683,1,1,False,False,True,False,False,True,False,False,False,False,False,False,False,False,False,False,True,False,False,False,True,False,1.0282761726485499,-0.5829322038608618,-0.9850567418873891,-0.5609748304808925
0,3,0,10.0,3,2,27.9,0,27.9,3.3638415951183864,6,0,False,False,True,True,False,False,False,False,False,False,False,False,False,False,False,False,True,True,False,False,False,False,-1.4191938054371411,-0.07822934984365013,0.4146557174979072,2.5396987052416584
1,1,1,52.0,1,1,93.5,1,93.5,4.548599834499697,3,0,False,False,True,False,False,False,True,False,False,True,False,False,False,False,False,False,False,False,False,False,True,False,1.6957679848537381,1.4652908004374259,1.6379421972192298,0.6792945838081278
1,3,0,27.0,0,0,8.6625,0,8.6625,2.2682524139135403,1,1,False,False,True,False,False,True,False,False,False,False,False,False,False,False,False,False,True,False,False,True,False,False,-0.15837593793845184,-0.5308736926947507,-0.7165619336211217,-0.5609748304808925
0,1,0,38.0,0,0,0.0,0,0.0,0.0,1,1,False,False,True,False,False,False,False,True,False,False,False,False,False,False,False,False,True,False,False,False,True,False,0.6574473880901118,-0.7346959991247785,-3.0585777291682934,-0.5609748304808925
1,3,1,27.0,0,1,12.475,1,12.475,2.600836116795061,2,0,False,False,True,False,False,False,True,False,False,False,False,False,True,False,False,False,False,False,False,True,False,False,-0.15837593793845184,-0.44116834859495496,-0.37316263612134226,0.059159876663617626
0,3,0,2.0,4,1,39.6875,0,39.6875,3.705920919968788,6,0,False,False,True,True,False,False,False,False,False,False,False,False,False,False,False,False,True,True,False,False,False,False,-2.012519860730642,0.19912192715998075,0.7678594338107121,2.5396987052416584
0,3,0,26.0,0,0,6.95,0,6.95,2.0731719286662407,1,1,False,True,False,False,False,True,False,False,False,False,False,False,False,False,False,False,True,False,False,True,False,False,-0.23254169485013945,-0.5711675685690852,-0.9179864201772276,-0.5609748304808925
0,3,0,26.0,0,0,56.4958,0,56.4958,4.05171190165724,1,1,False,False,True,False,False,True,False,False,False,False,False,False,False,False,False,False,True,False,False,True,False,False,-0.23254169485013945,0.5946089659095145,1.1248955097361604,-0.5609748304808925
1,2,0,1.0,0,2,37.0042,0,37.0042,3.637696679934592,3,0,True,False,False,True,False,False,False,False,False,False,False,False,False,False,False,False,True,True,False,False,False,False,-2.0866856176423294,0.13598583540313294,0.6974165471111633,0.6792945838081278
1,3,0,26.0,0,0,7.75,0,7.75,2.169053700369523,1,1,False,True,False,False,False,True,False,False,False,False,False,False,False,False,False,False,True,False,False,True,False,False,-0.23254169485013945,-0.5523441521022427,-0.8189865811572414,-0.5609748304808925
1,1,1,62.0,0,0,80.0,1,80.0,4.394449154672439,1,1,False,False,True,False,False,False,True,False,False,True,False,False,False,False,False,False,False,False,False,False,False,True,2.437425553970614,1.1476456475594605,1.4787785499834798,-0.5609748304808925
1,3,1,15.0,1,0,14.4542,0,14.4542,2.737880811060884,2,0,True,False,False,False,False,False,True,False,False,False,False,False,False,False,False,False,True,False,True,False,False,False,-1.048365020878703,-0.3945992162559869,-0.23166125968823223,0.059159876663617626
1,2,0,0.83,1,1,18.75,0,18.75,2.9831534913471307,3,0,False,False,True,True,False,False,False,False,False,False,False,False,False,False,False,False,True,True,False,False,False,False,-2.0992937963173164,-0.2935221756831599,0.021587667954472933,0.6792945838081278
0,3,0,26.0,0,0,7.2292,0,7.2292,2.1076888046179385,1,1,True,False,False,False,False,True,False,False,False,False,False,False,False,False,False,False,True,False,False,True,False,False,-0.23254169485013945,-0.5645981962221572,-0.8823470582632056,-0.5609748304808925
0,3,0,23.0,0,0,7.8542,0,7.8542,2.180891922715322,1,1,False,False,True,False,False,True,False,False,False,False,False,False,False,False,False,False,True,False,False,True,False,False,-0.45503896558520224,-0.5498924021074366,-0.806763380796033,-0.5609748304808925
0,3,0,18.0,0,0,8.3,0,8.3,2.2300144001592104,1,1,False,False,True,False,False,True,False,False,False,False,False,False,False,False,False,False,True,False,True,False,False,False,-0.8258677501436402,-0.5394030532812887,-0.7560434444325566,-0.5609748304808925
1,1,1,39.0,1,1,83.1583,1,83.1583,4.432699549165613,3,0,True,False,False,False,True,False,False,False,False,False,False,False,True,False,False,False,False,False,False,False,True,False,0.7316131450017994,1.2219581428434958,1.5182728441543658,0.6792945838081278
0,3,0,21.0,0,0,8.6625,0,8.6625,2.2682524139135403,1,1,False,False,True,False,False,True,False,False,False,False,False,False,False,False,False,False,True,False,False,True,False,False,-0.6033704794085775,-0.5308736926947507,-0.7165619336211217,-0.5609748304808925
0,3,0,26.0,0,0,8.05,0,8.05,2.2027647577118348,1,1,False,False,True,False,False,True,False,False,False,False,False,False,False,False,False,False,True,False,False,True,False,False,-0.23254169485013945,-0.5452853709271769,-0.7841792430073967,-0.5609748304808925
1,3,0,32.0,0,0,56.4958,0,56.4958,4.05171190165724,1,1,False,False,True,False,False,True,False,False,False,False,False,False,False,False,False,False,True,False,False,True,False,False,0.21245284661998617,0.5946089659095145,1.1248955097361604,-0.5609748304808925
1,1,0,40.0,0,0,29.7,1,29.7,3.4242626545931514,1,1,True,False,False,False,False,True,False,False,False,False,True,False,False,False,False,False,False,False,False,False,True,False,0.805778901913487,-0.03587666279325473,0.4770416648490861,-0.5609748304808925
0,3,0,20.0,0,0,7.925,0,7.925,2.188856327665703,1,1,False,False,True,False,False,True,False,False,False,False,False,False,False,False,False,False,True,False,False,True,False,False,-0.677536236320265,-0.548226529750121,-0.798539974052802,-0.5609748304808925
0,2,0,16.0,0,0,10.5,0,10.5,2.4423470353692043,1,1,False,False,True,False,False,True,False,False,False,False,False,False,False,False,False,False,True,False,True,False,False,False,-0.9741992639670155,-0.4876386579974721,-0.5368057694182641,-0.5609748304808925
1,1,1,30.0,0,0,31.0,0,31.0,3.4657359027997265,1,1,True,False,False,False,True,False,False,False,False,False,False,False,False,False,False,False,True,False,False,True,False,False,0.06412133279661097,-0.005288611034635832,0.5198636196706229,-0.5609748304808925
0,3,0,34.5,0,0,6.4375,0,6.4375,2.006534770871748,1,1,True,False,False,False,False,True,False,False,False,False,False,False,False,False,False,False,True,False,False,True,False,False,0.39786723889920517,-0.5832263197431561,-0.9867906128533871,-0.5609748304808925
0,3,0,17.0,0,0,8.6625,0,8.6625,2.2682524139135403,1,1,False,False,True,False,False,True,False,False,False,False,False,False,False,False,False,False,True,False,True,False,False,False,-0.9000335070553279,-0.5308736926947507,-0.7165619336211217,-0.5609748304808925
0,3,0,42.0,0,0,7.55,0,7.55,2.145931282948669,1,1,False,False,True,False,False,True,False,False,False,False,False,False,False,False,False,False,True,False,False,False,True,False,0.9541104157368622,-0.5570500062189534,-0.8428609376877135,-0.5609748304808925
0,3,0,26.0,8,2,69.55,0,69.55,4.256321678298823,11,0,False,False,True,False,False,True,False,False,False,False,False,False,False,False,False,False,True,False,False,True,False,False,-0.23254169485013945,0.9017647699613317,1.3361591794576348,5.64037224096421
0,3,0,35.0,0,0,7.8958,0,7.8958,2.1855792552411137,1,1,True,False,False,False,False,True,False,False,False,False,False,False,False,False,False,False,True,False,False,True,False,False,0.43495011735504896,-0.5489135844511608,-0.8019236166026618,-0.5609748304808925
0,2,0,28.0,0,1,33.0,0,33.0,3.5263605246161616,2,0,False,False,True,False,False,False,False,True,False,False,False,False,False,False,False,False,True,False,False,True,False,False,-0.08421018102676424,0.04176993013247014,0.5824597491940529,0.059159876663617626
1,1,1,40.0,1,0,89.1042,1,89.1042,4.500966778400217,2,0,True,False,False,False,False,False,True,False,False,False,True,False,False,False,False,False,False,False,False,False,True,False,0.805778901913487,1.3618608328062438,1.588760118059578,0.059159876663617626
0,3,0,4.0,4,2,31.275,0,31.275,3.4742929367327062,7,0,False,False,True,True,False,False,False,False,False,False,False,False,False,False,False,False,True,True,False,False,False,False,-1.8641883469072666,0.0011819383758412065,0.5286989276421437,3.1598334123861687
0,3,0,74.0,0,0,7.775,0,7.775,2.1719067693519296,1,1,False,False,True,False,False,True,False,False,False,False,False,False,False,False,False,False,True,False,False,False,False,True,3.327414636910865,-0.551755920337654,-0.8160407306065733,-0.5609748304808925
0,3,1,9.0,1,1,15.2458,0,15.2458,2.7878344138303452,3,0,True,False,False,False,True,False,False,False,False,False,False,False,False,False,False,False,True,True,False,False,False,False,-1.4933595623488287,-0.3759734456620463,-0.1800831698720664,0.6792945838081278
1,1,1,16.0,0,1,39.4,1,39.4,3.698829784967104,2,0,False,False,True,False,True,False,False,False,False,False,False,True,False,False,False,False,False,False,True,False,False,False,-0.9741992639670155,0.19235726186720922,0.7605376956829666,0.059159876663617626
0,2,1,44.0,1,0,26.0,0,26.0,3.295836866004329,2,0,False,False,True,False,False,False,True,False,False,False,False,False,False,False,False,False,True,False,False,False,True,False,1.1024419295602375,-0.12293496395240078,0.3444394801955362,0.059159876663617626
1,3,1,18.0,0,1,9.35,0,9.35,2.336986519711378,2,0,False,False,True,False,False,False,True,False,False,False,False,False,False,False,False,False,True,False,True,False,False,False,-0.8258677501436402,-0.5146973191685581,-0.6455926003653025,0.059159876663617626
1,1,1,45.0,1,1,164.8667,0,164.8667,5.11118445372147,3,0,False,False,True,False,False,False,True,False,False,False,False,False,False,False,False,False,True,False,False,False,True,False,1.176607686471925,3.144497195392677,2.218822021910339,0.6792945838081278
1,1,0,51.0,0,0,26.55,1,26.55,3.3160025355989236,1,1,False,False,True,False,False,True,False,False,False,False,False,False,True,False,False,False,False,False,False,False,True,False,1.6216022279420506,-0.10999386513144661,0.36526093570402607,-0.5609748304808925
1,3,1,24.0,0,3,19.2583,0,19.2583,3.0085645861193133,4,0,True,False,False,False,False,False,True,False,False,False,False,False,False,False,False,False,True,False,False,True,False,False,-0.38087320867351465,-0.28156224744554,0.047825129435189045,1.299429290952638
0,3,0,26.0,0,0,7.2292,0,7.2292,2.1076888046179385,1,1,True,False,False,False,False,True,False,False,False,False,False,False,False,False,False,False,True,False,False,True,False,False,-0.23254169485013945,-0.5645981962221572,-0.8823470582632056,-0.5609748304808925
0,3,0,41.0,2,0,14.1083,0,14.1083,2.7152442616824506,3,0,False,False,True,False,False,True,False,False,False,False,False,False,False,False,False,False,True,False,False,False,True,False,0.8799446588251746,-0.40273799095083784,-0.2550339477875714,0.6792945838081278
0,2,0,21.0,1,0,11.5,0,11.5,2.5257286443082556,2,0,False,False,True,False,False,True,False,False,False,False,False,False,False,False,False,False,True,False,False,True,False,False,-0.6033704794085775,-0.4641093874139191,-0.4507125974257932,0.059159876663617626
1,1,1,48.0,0,0,25.9292,1,25.9292,3.2932111997353943,1,1,False,False,True,False,False,False,True,False,False,False,False,True,False,False,False,False,False,False,False,False,True,False,1.3991049572069878,-0.12460083630971629,0.3417284274758476,-0.5609748304808925
0,3,1,18.0,8,2,69.55,0,69.55,4.256321678298823,11,0,False,False,True,False,True,False,False,False,False,False,False,False,False,False,False,False,True,False,True,False,False,False,-0.8258677501436402,0.9017647699613317,1.3361591794576348,5.64037224096421
0,2,0,24.0,0,0,13.0,0,13.0,2.6390573296152584,1,1,False,False,True,False,False,True,False,False,False,False,False,False,False,False,False,False,True,False,False,True,False,False,-0.38087320867351465,-0.4288154815385896,-0.3336984726090336,-0.5609748304808925
1,2,1,42.0,0,0,13.0,0,13.0,2.6390573296152584,1,1,False,False,True,False,False,False,True,False,False,False,False,False,False,False,False,False,True,False,False,False,True,False,0.9541104157368622,-0.4288154815385896,-0.3336984726090336,-0.5609748304808925
1,2,1,27.0,1,0,13.8583,0,13.8583,2.698558631668595,2,0,True,False,False,False,True,False,False,False,False,False,False,False,False,False,False,False,True,False,False,True,False,False,-0.15837593793845184,-0.4086203085967261,-0.272262193114855,0.059159876663617626
0,1,0,31.0,0,0,50.4958,1,50.4958,3.941500250945973,1,1,False,False,True,False,False,True,False,False,True,False,False,False,False,False,False,False,False,False,False,True,False,False,0.13828708970829856,0.45343334240819655,1.0110997852233976,-0.5609748304808925
0,3,0,26.0,0,0,9.5,0,9.5,2.3513752571634776,1,1,False,False,True,False,False,True,False,False,False,False,False,False,False,False,False,False,True,False,False,True,False,False,-0.23254169485013945,-0.5111679285810251,-0.6307359423566569,-0.5609748304808925
1,3,0,4.0,1,1,11.1333,0,11.1333,2.495953738718064,3,0,False,False,True,True,False,False,False,False,False,False,False,False,False,False,False,False,True,True,False,False,False,False,-1.8641883469072666,-0.47273757093690794,-0.48145578049281335,0.6792945838081278
0,3,0,26.0,0,0,7.8958,0,7.8958,2.1855792552411137,1,1,False,False,True,False,False,True,False,False,False,False,False,False,False,False,False,False,True,False,False,True,False,False,-0.23254169485013945,-0.5489135844511608,-0.8019236166026618,-0.5609748304808925
1,1,1,47.0,1,1,52.5542,1,52.5542,3.9806942251907276,3,0,False,False,True,False,False,False,True,False,False,False,False,True,False,False,False,False,False,False,False,False,True,False,1.3249392002953002,0.501865992977382,1.0515683442816504,0.6792945838081278
0,1,0,33.0,0,0,5.0,1,5.0,1.791759469228055,1,1,False,False,True,False,False,True,False,False,False,True,False,False,False,False,False,False,False,False,False,True,False,False,0.2866186035316738,-0.6170496462070135,-1.208550389612567,-0.5609748304808925
0,3,0,47.0,0,0,9.0,0,9.0,2.302585092994046,1,1,False,False,True,False,False,True,False,False,False,False,False,False,False,False,False,False,True,False,False,False,True,False,1.3249392002953002,-0.5229325638728015,-0.6811127586453682,-0.5609748304808925
1,2,1,28.0,1,0,24.0,0,24.0,3.2188758248682006,2,0,True,False,False,False,False,False,True,False,False,False,False,False,False,False,False,False,True,False,False,True,False,False,-0.08421018102676424,-0.16999350511950675,0.26497567234198965,0.059159876663617626
1,3,1,15.0,0,0,7.225,0,7.225,2.1071782966514356,1,1,True,False,False,False,True,False,False,False,False,False,False,False,False,False,False,False,True,False,True,False,False,False,-1.048365020878703,-0.5646970191586081,-0.8828741679067217,-0.5609748304808925
0,3,0,20.0,0,0,9.8458,0,9.8458,2.3837779082709782,1,1,False,False,True,False,False,True,False,False,False,False,False,False,False,False,False,False,True,False,False,True,False,False,-0.677536236320265,-0.5030315068132324,-0.5972795597045879,-0.5609748304808925
0,3,0,19.0,0,0,7.8958,0,7.8958,2.1855792552411137,1,1,False,False,True,False,False,True,False,False,False,False,False,False,False,False,False,False,True,False,False,True,False,False,-0.7517019932319526,-0.5489135844511608,-0.8019236166026618,-0.5609748304808925
0,3,0,26.0,0,0,7.8958,0,7.8958,2.1855792552411137,1,1,False,False,True,False,False,True,False,False,False,False,False,False,False,False,False,False,True,False,False,True,False,False,-0.23254169485013945,-0.5489135844511608,-0.8019236166026618,-0.5609748304808925
1,1,1,56.0,0,1,83.1583,1,83.1583,4.432699549165613,2,0,True,False,False,False,False,False,True,False,False,False,True,False,False,False,False,False,False,False,False,False,True,False,1.9924310125004887,1.2219581428434958,1.5182728441543658,0.059159876663617626
1,2,1,25.0,0,1,26.0,0,26.0,3.295836866004329,2,0,False,False,True,False,False,False,True,False,False,False,False,False,False,False,False,False,True,False,False,True,False,False,-0.30670745176182707,-0.12293496395240078,0.3444394801955362,0.059159876663617626
0,3,0,33.0,0,0,7.8958,0,7.8958,2.1855792552411137,1,1,False,False,True,False,False,True,False,False,False,False,False,False,False,False,False,False,True,False,False,True,False,False,0.2866186035316738,-0.5489135844511608,-0.8019236166026618,-0.5609748304808925
0,3,1,22.0,0,0,10.5167,0,10.5167,2.4437981558973862,1,1,False,False,True,False,True,False,False,False,False,False,False,False,False,False,False,False,True,False,False,True,False,False,-0.5292047224968899,-0.4872457191787267,-0.5353074585700541,-0.5609748304808925
0,2,0,28.0,0,0,10.5,0,10.5,2.4423470353692043,1,1,False,False,True,False,False,True,False,False,False,False,False,False,False,False,False,False,True,False,False,True,False,False,-0.08421018102676424,-0.4876386579974721,-0.5368057694182641,-0.5609748304808925
0,3,0,25.0,0,0,7.05,0,7.05,2.085672091430472,1,1,False,False,True,False,False,True,False,False,False,False,False,False,False,False,False,False,True,False,False,True,False,False,-0.30670745176182707,-0.5688146415107299,-0.9050797531497122,-0.5609748304808925
0,3,1,39.0,0,5,29.125,0,29.125,3.405355391810819,6,0,False,True,False,False,False,False,True,False,False,False,False,False,False,False,False,False,True,False,False,False,True,False,0.7316131450017994,-0.04940599337879768,0.457519539438721,2.5396987052416584
0,2,0,27.0,0,0,13.0,0,13.0,2.6390573296152584,1,1,False,False,True,False,False,False,False,True,False,False,False,False,False,False,False,False,True,False,False,True,False,False,-0.15837593793845184,-0.4288154815385896,-0.3336984726090336,-0.5609748304808925
1,1,1,19.0,0,0,30.0,1,30.0,3.4339872044851463,1,1,False,False,True,False,True,False,False,False,False,True,False,False,False,False,False,False,False,False,False,True,False,False,-0.7517019932319526,-0.02881788161818882,0.4870824563024251,-0.5609748304808925
0,3,1,18.0,1,2,23.45,0,23.45,3.196630215920881,4,0,False,False,True,False,True,False,False,False,False,False,False,False,False,False,False,False,True,False,True,False,False,False,-0.8258677501436402,-0.1829346039404609,0.24200663802437702,1.299429290952638
1,1,0,26.0,0,0,30.0,1,30.0,3.4339872044851463,1,1,True,False,False,False,False,True,False,False,False,False,True,False,False,False,False,False,False,False,False,True,False,False,-0.23254169485013945,-0.02881788161818882,0.4870824563024251,-0.5609748304808925
0,3,0,32.0,0,0,7.75,0,7.75,2.169053700369523,1,1,False,True,False,False,False,True,False,False,False,False,False,False,False,False,False,False,True,False,False,True,False,False,0.21245284661998617,-0.5523441521022427,-0.8189865811572414,-0.5609748304808925
